,name_and_description
0,  That is ignorant You are ignorant
1,  And I am back in the room  Last seen on Twitter in 2012   weak applause 
2, ğŸ‘½ âœŒ  23   Infant teacher   Part time magical girl   Graphic Design major   Useless lesbian fangirl   SU  Lumberjanes   idol fangirling shit   kitarindayo
3, ğŸ”¶  Gamer  Communist  genderpronouns  but barely  Also space is cool  Science is neat  Sometimes math can be fun  Eat the rich 
4,  May as well just change my name to Kath at this point
5,  politics and pasta enthusiast  probably too opinionated 
6,  if you are cool buy me some potstickers
7,  genderpronouns   It is ok to punch tankies in the face
8, ğŸ³ ï¸ â€ ğŸŒˆ ğŸ³ ï¸ â€ ğŸŒˆ  Diana  genderpronouns   Assigned Female At Birth  AFAB   Chromosomal intersex TERFs  SWERFs  and sex negatives are not feminists
9,  Unapologetic leftist focused on refuting those who spread hate and fear  The profile picture is ironic  Never forget where you come from  Cold Feet Conrad
10,  I currently use my account to share my story in Lithonia and other important news  Please read my story regarding violent neighbors  and not having justice yet 
11,  mayor of circus because i am a clown ğŸ¤¡
12,  My opinions  though usually reasoned and responsible  are most likely correct 
13,  Ian   genderpronouns   Psych student   Writer   Former AoT Wiki bureaucrat
14, ğŸ˜º ğŸ‡¦ğŸ‡º ğŸ˜½ ğŸ³ ï¸ â€ ğŸŒˆ  Can we all just be friends  No  Then who will man the barricades with me  viva la revolution  I am a Writer in the middle of editing my first book  She Her
15, ğŸ•¸ ï¸ ğŸ•¸ ï¸  she her â–ª ï¸ i have a lot of kids for a goth ace girl â–ª ï¸ ğŸ’– ğŸŒ  telegraphtaps  goth gf ğŸŒ ğŸ’– header by   clankclunk follow my art twitter here    spookieghostie
16,  When I grow up  I am going to be a star  on stage or the movies i am 58 years old now  not sure when I WILL grow up       
17, Ã­  Posible reencarnaciÃ³n de un dios Sumerio   Escritor nocturno   Gaymer   â™Œ asc â™Š   siempre acompaÃ±ado nunca inacompaÃ±ado   Hijos de los dioses ğŸ“–
18, ğŸŒ¿ ğŸŒˆ  I am a very happy wife  married 20 years this year   and mama of teenaged sons that I homeschool  Trying to have a quiet  simple life ğŸ’š ğŸŒˆ
19,  Opinist    but that is enough about me 
20,  ğˆ ğ¥ğ¢ğ¤ğ ğ­ğ¡ğ ğ¢ğğğš ğ¨ğŸ ğ§ğ¨ğ­ ğ›ğğ¢ğ§ğ  ğšğŸğ«ğšğ¢ğ ğ¨ğŸ ğ¥ğğ­ğ­ğ¢ğ§ğ  ğ²ğ¨ğ®ğ« ğ¢ğ¦ğšğ ğ¢ğ§ğšğ­ğ¢ğ¨ğ§ ğ«ğ®ğ¥ğ ğ²ğ¨ğ®    ğ…ğ– ğŸ³ ï¸ â€ ğŸŒˆ
21,  Trying to not offend anyone while I tell them that their ideas are  on average  absolute bullshit  Man  Father  Atheist  Sex Not Gender
22,  mad wet hen Sailor Sailmaker she her 17 66 Chromosomal epigenetic anomaly Anima rising 
23, 
24,  no ğŸ’¯    bbloodhounds  n0va6ang   MGMT    emm12t
25,  I am just some depressed bitch  ğŸ³ ï¸ â€ ğŸŒˆ Neverland  in love w  Soyeon ğŸ’œ â¤ ï¸
26,  Jon ever wanted the throne get over it  You should watch a Jordan P speech  I have a sailor â€™ s mouth online  Cons Libertarian ÎœÎŸÎ›Î©Î Î›Î‘Î’Î•
27,  24   woman   rogue  rebel  rabble rouser
28, ğŸ‘ ğŸ™Œ 
29,  My special power seems to be getting banned from twidder  Rebuilding my followers      again 
30,  Artist  Cat lover  probably underrated 
31,  A very happy young woman looking forward to a bright and wonderful future 
32, ğŸ˜œ  Intersectional Socialist  Gay Brown boy  genderpronouns Hoe  The smartest dumb bitch ğŸŒˆ
33,  Attempting  among other things  to further education regarding often misrepresented socialist thought 
34,  If you feel it  let it happen 
35,  Embryologist  Musician  Singer  Videogame and anime  University of Aberdeen Graduate and current University of Glasgow Masters Student
36,  Reality TV   Music Love In The Dark  The Video out now on YouTube 
37,  Mechanic
38, 
39,  Chef turned recruiter  Fun  lovable and always up for a laugh  Foodie  animal lover  meningococcal meningitis and septicaemia survivor
40,  Time 2006 Person of the Year Vet blah blah gemmology blah Mensa  Intertel blah blah Stage 3 bowel cancer survivor blah blah Swannies blah blah bring back PJK
41,  Journalist  author  broadcaster  feminist campaigner against sexual violence  Agent  Becky Thomas 
42, ğŸ¦‰ ğŸ¾ ğŸ¦  wildlife rehabilitator  birder  wildlife policy wonk  take care of most anything non human  proud progressive because I like to use both my brain and my heart
43,  Irish family   travel blogger 
44,  Of the Lancastrian household   Gin drinking Marvel addict My views are my own and not those spread by bias right wing media platforms Katie Hopkinsisafascist
45,  All around nerd and lover of many things  I fight evil by moonlight and win love by daylight  ğŸ’– ğŸŒ™
46,  she her ella ğŸ’ƒ tweets are my own âœ ï¸ abolish ICE â„ ï¸ black lives matter âœŠ ğŸ¿ voter suppression is real and it is real racist ğŸ—³ ï¸
47,   weirdohaley keeps me going ğŸ’• NB  genderpronouns
48, 
49, 
50,  Producer of  atalkingcast and  1stEdIliad   asif podcast   stageoffoolspod   how2loseaguyPod and host of  ahugemistakepod   princepodcast    social minute 
51,  don â€™ t be a dick   save the Planet x
52, ğŸ‡¦ğŸ‡º ğŸ³ ï¸ â€ ğŸŒˆ  Gamer  And other stuff  Composed of flesh and bone 
53,  Pro nerd  mostly infosec and networks  Did science in school but networking won me over  Too much politics lately  RTs indicate cyber attribution  genderpronouns 
54,  Fanfic writer  lyric and poetry writer  blogger  loves HalusaTwin and The Enigma TNG
55,  reframing our narrative  centering anti corruption and the truth  data  whistleblower  internet subculture baby  sufi  gamer  genderpronouns  legal  bindmans
56,  Aspiring hack writer and horribly mediocre saxophonist  genderpronouns  Better a bleeding heart than an empty heart
57,  Blimey Mildred there is a chap here wearing rabbit ears     genderpronouns    Autist   I like tea
58, 
59,  feeling inspired âœ¨
60,  Traveler  wish I could travel more than 2X a year   Loves reading  Loves foreign films  Loves music  Loves food 
61, 
62,  Voice Actress in training   Youtuber   Wattpad Author  
63,  She Her  Nonbinary trans girl living her authentic life  Open to most conversations  DM or email any questions 
64,  Hootless
65, ğŸŒˆ  Trans man who gardens and rides motorcycles  Husband  son  daughter  brother  sister  uncle  geek ğŸ¤“ Coll â€™ s partner and Rowan â€™ s Daddy  genderpronouns
66,  Polish shipper of Waluigi x Wario  I put the Bi in â€ Can â€™ t ride a bike â€   genderpronouns
67,   genderpronouns  Gamer  Nerd  Vikings   Husband  Father of badass triplet daughters  critter   Pop Culture Anthropologist  GM  Wannabe author game designer 
68, ğŸ´ ó § ó ¢ ó ³ ó £ ó ´ ó ¿ ğŸ’™ ğŸ’š  Rob Benedict was announced for CrossRoads3  August 2nd 2019  coincidentally this was the day I died  RIP me  I am going to meet fucking ROB        She her
69,  I honk at people and talk with friends  Capital honks mean a bigot  You can call me Will if you are too lazy to say the whole thing Masc non binary  He they
70,  Periodista   Journalist
71, ğŸ¢  23   I â€™ m rollin â€™   rollin â€™   rollin â€™   rollin â€™ with my brothers like it â€™ s Jonas Jonas Happiness Begins
72,  29   LA   She They
73,  Its Britney of 2003  she says you are toxic Ig  Ariel 2131 Trans ğŸ’• ğŸ’™
74, ğŸ§™ â€ â™€ ï¸ ğŸ¦‰ ğŸ¦‡ ğŸ§¹  Baby beginner painter having a blast learning something new  Attorney in another lifetime  Cat lover  Gardener  Broadway musical fangirl 
75, ygâ·  1  2  3  4  5  6   BTS twt  8  9  10
76, ğŸ’« âœ¨  what a cunning boy you are  savehannibal ğŸ–– prodigalson ğŸ genderpronouns his sometimes nsfw
77,  Game Designer  Minor Deity  Tentafox Progenitor
78,  A writer of fiction  A Soul Reclaimed is out now 
79,  27 Yrs Male Bi  I am here for art and stories featuring belching  belly stuffing  weight gain  and beautiful anime bois  Always looking to make friends 
80,  Movies Television Music Entertainment
81, ğŸ¶  Music producer and composer  pianist  and member of  MateriaColl    She Her   ğŸ’–  adorabug ğŸ³ ï¸ â€ ğŸŒˆ   Contact me 
82,  Aubrey  21  Trans Queer AF She Her  Writer  kinda  Progressive Transhumanist  Biopunk Cyberpunk  babu lefty 
83,  Life in the new era of magical thinking  Arizonan ğŸ¦‚ ğŸŒµ I use the like button a lot 
84,  genderpronouns
85,  â€œ To find my Mr  Hyde  I shall become Mr  Seek â€ Jodie I â€™ m NB
86,  Game Art Student  genderpronouns  I like avocados plussy Dude that is like a joke n shit  Someone
87,  these planks are made for walking
88,  Apenas esperando o fim do mundo pois NÃƒO AGUENTO MAIS  ig   jhonatancaetan2
89,  18   Depop Insta  Trollfunk
90,  ğŸ‘¨ ğŸ½ â€ ğŸ”¬   ğŸ   ğŸ·   ğŸŒ®   ğŸ» y ğŸ¸
91,  communism will win  never disarm the working class  anarcho communist  o7 o7 o7 she her  i block TERF â€™ s
92,  50ish unabashed geek woman  Believes in a woman is right to chose and in the separation of church and state  Nevertheless she persisted  Resist
93, 
94, âœ¨  i want to be great or nothing
95, ğŸš±  hoping commonsense prevails ğŸš± the earth spinning on it is axis changes climate
96,  nonprofit by day â€¢ dumpster fire by night âœ¨ âœ¨ âœ¨ she her
97, ğŸ’™ ğŸ‘‘  ğŸ–Œ ğŸ¨ 1Â° de Artes âœ¨ Ser Ã­ a lesbiana de no ser por Park Jimin  ğŸ’ Gaycatcher son mis Diosas 
98, ğŸŒ±  I am incredibly online   genderpronouns   my top tweets
99, ğŸ³ ï¸ â€ ğŸŒˆ  Notary Pub Landlord Reiki  Theosophist  LGBT  fiscally center socially progressive  I block   report Russian Influencers   extremist rhetoric oriented hostiles 
100, ğŸ’– ğŸ’–  Camgirl ğŸ’ƒ Content Creator ğŸ“½ ï¸ Pro Model ğŸ“· Polyamorous RA ğŸ’ Pansexual ğŸŒˆ Scientist ğŸ”¬ Barista â˜• Switch âš” ï¸ Fetish Friendly ğŸ–¤ 420 Friendly ğŸŒ¿ Hedonist ğŸ˜ˆ NSFW ğŸ”
101,  My thoughts on Spiritual Growth  At least it does not require pants  Designer  editor and visualizer in digital media production   Contracted Editor Collaborator
102,  Bernadetta von Varley is bestgirl  
103,  Centrist
104,  Mez  He They  29  EST  Icon by  thejadeserpent 18  only please
105, 
106, 
107,  Fat Nixon    GOP need to be gone  The Resistence   Siamese cat mom  Pug mom  Hufflepuff  I â€™ ve accepted it  Vote Blue No Matter Who   NO DMs  please  ğŸŒŠ ğŸŒŠ ğŸŒŠ ğŸŒŠ
108,  I keep tarantulas  among other things  ğŸ•· ï¸ see 19 years of writing the same character  Art by  twilekprince    lesathoart
109, ğŸŒ± 
110,  Writer  Editor  USA Expert  Supporter of Universal Freedom  Argumentative Besom  Shameless Trollop  Will Write for Money Her Highness Empress of Scotia
111, ğŸŒ¸ ğŸŒº ğŸŒº ğŸŒ¸  Kinda sad  Kinda gay  I cry over fictional characters and waste all my time playing video games and writing  genderpronouns genderpronouns pronouns  pls 
112,  Nish   I ca not believe I used to think people my age were adults   I like butterflies and Summer Wars  ENG ES  Lots of RTs
113, ğŸ’œ ğŸ³ ï¸ â€ ğŸŒˆ ğŸ‡¬ğŸ‡§ ğŸ‡ªğŸ‡º  Zero tolerance to discrimination  Those who discriminate based on race  gender or sexuality are reported and blocked 
114,  31 year old single lady and her bearded dragon
115, ğŸ‡¨ğŸ‡¦ â­ ï¸ â­ ï¸ â­ ï¸  I am here for the children  I want each one living a safe   happy life  free from all abuse  I am on the Trump Train and love riding with all you patriots 
116,  relatively vaild human
117,  Writer  listener  blogger
118,  Promoting Optimal Mental Health and Emotional Wellbeing with Evidence Based Practice and Research Vegan running runvan Psychology behaviouralmedicine
119, ğŸ‡ºğŸ‡² ğŸ‡®ğŸ‡±  Physics  finance  history  Love America  Support President Trump  Israel is the ancient and eternal homeland of the Jewish People  Israel haters   antisemites 
120,  I am actually very sweet  I am also irritated by BS  Imperfect Advocate  Writer  Scientist  Feminist  Wife 
121,  hey it is me Julia   autistic   glasgow  scotland   white   she her genderpronouns   â¤ ï¸  NadineHunter93
122,  Pasta lover  mass effect  meme queen
123, ğŸ‘  ğŸ’„ âš½ ï¸ ğŸ‘— ğŸ‘œ ğŸ³ ï¸ â€ ğŸŒˆ  A Proud Transgender Woman who loves  Arsenal  sport  cat lover  reading literature   philosophy  writing  shopping   makeup addict  Pronouns Her She Ms 
124, 
125, ğŸŒ™ ğŸº  gemini  using my privilege to fight for equality every day
126,  MAGA   Trump Train   Huge Dawgs fan  Tea Party   Reagan  Followed by James Woods Dinesh Scott Baio  Lifetime NRA   And  YES  I own a gun   SeldenDawgs2
127,  Feminist  humanist  and Story Artist in Animation Local 839 quote tweeting is not an invite to dogpile  she her hers âœ¨ âœ¨ art instagram  aliceandtheredherring
128,  Yeah
129,  genderpronouns  capricorn  softcore punk
130,  NAMJOON   â€œ paradise â€   it â€™ s also from marxism  â˜† ã€‚   ãƒ»Â°â˜† ã€‚   ãƒ»Â°â˜† ã€‚   ãƒ»Â°â˜† ã€‚   ãƒ»Â°â˜†
131,  Cogito  ergo sum
132, ğŸ¥  I had a devil on me   and I could not see   familiar faces  concern  and staring   
133,  I am a Gay Drummer  born in Nebraska  dipped in Texass  settling into Washington state  I tweet whilst sarcastic  I ğŸ’œ ğŸ» ğŸ® ğŸ“· ğŸ­ ğŸ’» ğŸ—½ ğŸ² ğŸŒ± ğŸ’§ ğŸŒ ğŸŒƒ ğŸ¢ ğŸ¥ ğŸµ ğŸ†   science
134,  I only use this account for YIAY
135, 
136,  n Ã£ o enche o saco  faz favor
137, 
138,  27 She They  Hooker  Community center volunteer  Aspec Name subject to change  Always raccoon branding
139,  Docendo discimus  we learn by teaching    Socrates The overlap in a Venn diagram of sports  anatomy and bad opinions  I am not my work 
140,  Former SJW  Co host â€œ Deprogrammed â€  unsafespace Founder  CivilityDinners Somewhere b n Social   Classical Liberal 
141,  Hey  I enjoy a lot things like playing games creating music  playing the piano DDLC  DBZ TheLastOfUs SAO Life is strange Frozen and reading Sub my yt channel ğŸ‘‡
142, 
143, ğŸŒ¸ ğŸ ğŸ ğŸŒ¸  Cat Dad
144, âœ¨ âœ¨     Not For Mass Consumption
145,  I like to sit
146, 
147,  Here for a limited time 
148, Ã©  I am my own champion  my own fool  and my own harpist  cinema   stories   games   comics   art
149,  professional couch potato
150,  O Father  O Satan  O Sun  No war but class war 
151,  Creative ğŸµ ğŸ¤ âœ Beauty Expert ğŸ‘„ Makeup Artist ğŸ’„ Transgender Woman ğŸ³ ï¸ â€ ğŸŒˆ
152,    femaleness is not a design flaw  jkrowling
153, 
154,  Mom  baker  nonprofit manager  On Twitter  I do more reading than tweeting 
155,  I am just a girl in the world  Aquarius  Ravenclaw  Gamer  Avid reader  Film TV show addict  Designer 
156,  I am a health researcher and full time  unrepentant geek who lives in Atlanta with my husband  4 cats  and two marine aquariums in progress 
157,  Saved by grace alone ğŸŒ± through faith alone ğŸŒ¿ by Christ alone ğŸŒ· according to Scripture alone ğŸŒ¸ to glorify God alone ğŸŒˆ   Genesis 9 13 16
158, ğŸŒ¹ 
159, ğŸ´ ó § ó ¢ ó ³ ó £ ó ´ ó ¿ ğŸ´ ó § ó ¢ ó ¥ ó ® ó § ó ¿  Full Stack Dev   Geek   Gamer   Music Lover   Railing against all the hate and bigotry in the world  genderpronouns 
160,  the union of opposites
161,  I am trying to figure it out 
162,  I learned it from watching you 
163,  Discovering myself  Enjoying the journey  ğŸ¸ ğŸ“· â˜¯ ï¸
164, Stop The Fire  if a bruh moment was a person   Bernie 2020 Not Me Us
165,  30  Middle Grade and YA author  Gay  genderpronouns 
166,  Pronous  She Her  UNE  Ottawa Human Rights Rep  Canadian Girl  who posts about the randomness of life  Tweets are my own thoughts   opinions 
167,  She her  Pan IS  Taoist  A fan of Socratic dialogue  especially when it is me asking the questions  Philosophy and science rules  RGU Fan  ğŸ’‹
168,  â€œ We don â€™ t inherit the Earth ğŸŒ from our ancestors  we borrow it from our children  â€  Native American Proverb  Proud Resister Environmentalist Vegan PETA
169,  Ch40t1c N3utr4l ğŸº Io E Io T I Io T I40 libertarismo
170,  Feminist Homemaker  Community Organizer  Progressive Activist  Jewish Woman of Color  she her 
171,  ğŸŒ¹ MSW â„ I am willing to fight for someone I do not know  ğŸ³ ï¸ â€ ğŸŒˆ She  her â˜®
172, 
173, ğŸ³ ï¸ â€ ğŸŒˆ  Just a femme a lot to say  Trans  lesbian  femme  equal love for high tops and high heels 
174,  I am me  Me I am 
175,  bad at twitter
176,  Freelance translator since 2003  Passionate about life  sports  politics  people  arts in general  Privileged  ğŸ‡¨ğŸ‡¦ ğŸ‡ºğŸ‡¾ ğŸ‡¬ğŸ‡§ ğŸ‡§ğŸ‡· âš½ ï¸ ğŸ‰ ğŸ’ ğŸ¾ ğŸ¥Š Insta   graciemlima
177,  Bruh
178, ğŸ’š ğŸ§¡  Soy yo mismo pero fuera de contexto  Argentinian guy  atheist  vegan and LG B TIAQ  ğŸ’œ ğŸ’š ğŸ§¡ socialdemÃ³crata ğŸŒ¹ Que no nos falte empat Ã­ a y ciencia ğŸ”¬ Future Med âš• ï¸
179,  I was bright as the sun  then Saskatchewan  Then I laid low like a tide  then Bay of Fundy high 
180,  Libertarian  Veteran   Lover of the USA   CT 
181,  genderpronouns
182,  Writer at YourTango  Co host of â€œ The More Perfect Union â€ podcast  Original essays on being a GenX feminist at Pro choice as fuck 
183,  Attempting to be the most jarring defender of what I stand for  If you come at me or my friends  be prepared for violent disorientation 
184,  Just a sweet gal in SoCal 
185,  Self made man with a Sense of humor
186,  I am a stay at home mom with a knack for drinking caffeinated beverages and NOT writing super awesome bios 
187,  24  they
188,  Knox James ğŸ¤   IG  marissafarina
189, ğŸ“ ğŸ”œ  Actor  She Her  Cozy Illustrator âœ¨ Host for  jackboxgames Party Pack 6  Cast Member of   rivalswaterdeep  autonomicpod talesfromthegrim
190, âœ¨ â˜” ğŸ’«  Illustrator  NEET  main  animation enthusiast  swamp witch  ms  Steal Your Waifu  25yo  she her  I love you  ğŸ³ ï¸ â€ ğŸŒˆ ğŸŒ¸ âœ¨ Trans rights are human rights ğŸ’™ ğŸ’—
191, ğŸ¬   genderpronouns  ML âš’ ğŸ˜ˆ   Advocate for international solidarity    aromantic bisexual   UwU   18
192, 
193,  32  Queer  Left wing af  Riverdale   Good Trouble ğŸ˜   I have still not lost my Utopian ideals about changing the world  I like to cook 
194,  an actual ghost
195, 
196, ğŸ ğŸ  Paul  genderpronouns half of the FR Chiptune band Pain Perdu  LSDJ turbonerd  cartoon translator  general enthusiast  human labrador  Big ol  bi ğŸ’™ ğŸ’œ â¤ ï¸
197, ğŸ’š  Mother   Green Party Councillor  Anti bullying campaigner supporter of the LGBTQ  community  Tweets about trees a lot 
198,  On twitter to procrastinate  But also when are we going to solve the climate crisis  
199,  writer  surfer  mother   good news  every day from the â¤ enjoy life ğŸŒŠ love yourself
200,  Writer  Social Justice Warrior    Riot Grrrl  SCUM   BKHProductions  Business Inqueries  HBIC  IDIC  Trekkie Nonbinary  genderpronouns
201,  HIV  Gaymer and Queer fiction author dealing with short term memory issues that disrupt life far more than I should like 
202,  18   Bi    Trans    Idiot    She Her
203, âœŠ ğŸŒ¹ ğŸ³ ï¸ â€ ï¸  ğŸ¶ I wanna spend the entire year  just face down  and on my own time  I wanna waste mine âœ¨ Pan   poly  nonbinary trans woman She they âš¥ ğŸ³ ï¸ â€ âš§ ï¸
204, 
205,  Sometimes I will educate you  sometimes I will just burn your ass   its really a toss up here  Play at your own risk 
206,  Not profound 
207,  She her  Chronically ill  demisexual bloggesstribe
208, ğŸ’ â› ï¸  Trans Cyberpunk anime gamer slut 
209,  Mostly just giving my thoughts  Australian ğŸ‡¦ğŸ‡º
210,  Spat on the ground and a girl was like  ew guys are so gross   I have hit peak cis
211, 
212, 
213,  Nasty woman who is outraged at US politics right now  Twitter is my safe place  Also  â¤ ï¸ pop culture  My views are my own 
214,  15 something film student I am he or him  I thought I d letcha know  I like dark humor and stuph  I think I can make videos
215, âœ¨  5HINee is five âœ¨
216,   The world has never yet seen a truly great and virtuous nation because in the degradation of woman the very fountains of life are poisoned at their source  L M
217,  Identifies as Michael Jackson  pronouns he heeeeeeee
218,  ğŸ’– Japan  ğŸ’– Cats J R R Tolkien ğŸ’– Vampire Chronicles   ğŸ’– Pkm  ğŸ’œ ğŸ³ ï¸ â€ ğŸŒˆ ğŸ’š Anti Kpop ğŸš«
219,  Centrist   Pragmatist   Conservationist   Writer   Studier of Religion   Very Homosexual
220,  Eh  I probably should not be on here  I ca not help myself from getting into heated pointless discussions 
221,  aaaaaa     
222, ğŸ“š âœ¡ ï¸  Librarian ğŸ“š Proud Jew âœ¡ ï¸ Radfem â™€ ï¸
223,  there is no mountains in indianer   dirt ğŸŒ±   sunshine â˜€ ï¸   the sewer rat your parents put mouse traps out for at 3 am
224,  âšª ï¸ T Ã©   Rock   Pintalabios   Superh Ã© roes Hala Madrid ğŸ’œ ğŸ’œ ğŸ’œ 13 âšª ï¸
225,  i was raw at vocab in 5th grade
226, ğŸ‡ºğŸ‡¸ ğŸ‡ºğŸ‡¸  Engaged â€¢ Ñ‚rÏ…Ğ¼p2020 â€¢ Ğ¼aga â€¢ weldÎ¹ng Î¹Ñ• lÎ¹Ò“e â€¢ Finish That Wall â€¢ Horror Lover â€¢ Drain The Swamp Expose CNN Q Anon The Great Awakening
227,  Just trying to explain that I am not crazy  everyone else is 
228, ğŸŒˆ  Anti Brexit  Anti phobic  Anti racist  Pro equality  Fear is the true nemesis of love  hate is the consequence 
229,  you have never seen a mami like me
230,  Doctor Human â€¢ Loudmouth â€¢ Emergency Medicine â€¢ Medical Toxicology â€¢ WT Fentanyl   frequently just WTF â€¢ drugs are misunderstood  people are misunderstood more
231, 
232, 
233,  Web Developer Designer with interests in CSS  Javascript  PHP  MySQL  Illustrator  Photoshop  Drupal  and JQuery  Enjoy art  eye candy  and music  genderpronouns his
234,  sÌ¶oÌ¶mÌ¶eÌ¶tÌ¶iÌ¶mÌ¶eÌ¶sÌ¶ Ì¶IÌ¶ Ì¶cÌ¶rÌ¶yÌ¶ Ì¶bÌ¶eÌ¶cÌ¶aÌ¶uÌ¶sÌ¶eÌ¶ Ì¶gÌ¶iÌ¶rÌ¶lÌ¶sÌ¶ Ì¶aÌ¶rÌ¶eÌ¶ Ì¶sÌ¶oÌ¶ Ì¶pÌ¶rÌ¶eÌ¶tÌ¶tÌ¶yÌ¶ Ì¶ illustration student
235,  Trump 2020 ğŸ‡ºğŸ‡¸ Conservative ğŸ‡ºğŸ‡¸ MAGA ğŸ‡ºğŸ‡¸ KAG ğŸ‡ºğŸ‡¸ No Amnesty ğŸ‡ºğŸ‡¸ Drainthe Swamp   ğŸ‡ºğŸ‡¸ Remember Our Veterans ğŸŒº ğŸ‡ºğŸ‡¸ ğŸ‡ºğŸ‡¸
236, âš”  You Twitter Too Much   Said Everybody Scout for  CureBowl  UCF Alum 2017 National Champions
237, âœŒ  25   Photographer
238, ğŸƒ  WRITER  MUSIC MAKER  LGBTQ 
239,  the smallest change is better than none ğŸŒ¿    multifandom trash âŠ   Buying animal products causes the climate change  it is all up to us â“‹
240, â­ ï¸  Python for work  Twine for fun    genderpronouns his   Profile image drawn by me 
241,  Little Free Libraries for everyone
242, 
243, ğŸ ğŸ§¸  owner  jonjonandco  cohost  that podcast    whatitdopodcast  author  giraffebook series and micro  youtube r 
244,  Former sociology and technology forum community focused on examining the emerging and evolving Internet culture 
245,  ğŸŒˆ ğŸ³ ğŸ”  ğ–˜ğ–ğ–Š ğ–ğ–Šğ–—  here for the beefy dudes    Star Trek   Final Fantasy   Cats   Crafts  
246,  Every time I get a crick in my neck  I touch my chin to my chest just to be sure about meningitis 
247,  ANTI NUEVO ORDEN MUNDIAL ğŸš« Somos gobernados por PSICÃ“PATAS  DESPIERTA HUMANO  VIVIMOS EN EL MUNDO ORWELL  84 NI IZQUIERDA NI DERECHA TODOS ROBAN 
248,  Software developer  open source enthusiast  Linux lover  Windows user  I rant about computers  RT dank memes  and build unconventional software   any any 
249,  guilty
250, ğŸŒ»  you know i love you  donna
251, ğŸ–– ğŸ ğŸ´ ó § ó ¢ ó ³ ó £ ó ´ ó ¿  I am woman  noun  adult human female  as distinguished from a girl or a man  Born not Worn  deal with it 
252,  A Republician that believes in realism and not tribalism 
253,  Host of the  StreamForPaws charity  Destiny 2 Warlock Main  Animal Dad  Vocalist  Motorcycles  Bad Mood Since 92 â€™   Sponsored by  Roguegrips
254,  This is the official twitter of the podcast The Dockery Docket  This Twitter will have witty comments and memes and links to the podcast every week 
255,  bisexual and proud  Black and Proud  17  Lovatic  Camilizer  Pok Ã© mon  Hunger Games and ATLA LOK lover  Switch FC  SW 4783 9692 8981
256, 
257, 
258, ğŸ³ ï¸ â€ ğŸŒˆ ğŸ¦  Trans woman  she her   Author  IT Manager  gamer girl  and lover of shoes ğŸŒ¿ Trans Rights Are Human Rights We Wont Be Erased translivesmatter Free Chelsea Manning
259, 
260, ğŸŒ¸ ğŸ”® ğŸ’  milly  23  infj  she her  i like plants  tea and girls  ğŸ‘ ğŸ‡¦ğŸ‡º
261,  Generally Happy  INFJ  Tony is Wife  Disney phile  Lover Of All The Fur Babies
262,  Meredith Howse Award winning Australian Artist 
263,  vou expor quem eu quiser nessa conta sim  n Ã£ o gostou me processa
264,  genderpronouns ğŸ’› ğŸ’œ Just Transition Now ğŸŒ No Human Being is Illegal ğŸ¦‹ Mergoth ğŸ§œ ğŸ½ â€ â™€ ï¸ ğŸš   ğŸ˜
265,  Class against class the fight has to be
266,  stinky bastard man
267, ğŸ¦€ ğŸ¦€  She   her   Pan   ENFP   Green   Laid back  chill  just want to enjoy life  Human rights ğŸ‘ ï¸ Tweets in German und Englisch  Unapologetically Feisty
268,  Doing my part to keep the lunatics out of office MAGA
269, ğŸ”œ  A friendly wolf     FC  SW 6388 5960 4205   I share R 18 content  ğŸ” ğŸ” ğŸ”
270, ğŸ“š ğŸ“±  International Bestselling Author  Mom  Reader  Sarcastic hooligan w a wicked sense of humor  Blunt to a fault  Literature Pimp She Her
271,  Materials scientist interested in science communication  communication between scientists  science fiction  and the Oxford comma 
272, âš– ï¸ ğŸŒŠ  Mom  Also  domesticviolence advocate  familycourt fixer  rationalreform writer   gunsensevoter   intersectional feminist   Jewish  children 1st  she her
273,  hermetic thembo
274,  Mom to M  Gov Security Analyst  Tech IR Exec  Journalist  interior designer  music geek  Mopar muscle  Cleveland born  ANTI TRUMP Proudtohave AS
275,  Marine Biology ğŸ™ Bioinformatics ğŸ§‘ ğŸ¼ â€ ğŸ’» Systems Biology ğŸ¦  Genomics ğŸ§¬ Diversity in STEM âœ¨ English German ğŸ‡¬ğŸ‡§ ğŸ‡©ğŸ‡ª Fortnite ğŸ® she her
276, ğŸ’§ â­ â­ â­ 
277,  Personal account  genderpronouns  LGBTQIA Supporter 
278, ğŸŒˆ ğŸ‚  ğ’¯ğ“‡ğ‘’ğ’¶ğ“‰ ğ“…ğ‘’ğ‘œğ“…ğ“ğ‘’ ğ“Œğ’¾ğ“‰ğ’½ ğ“€ğ’¾ğ“ƒğ’¹ğ“ƒğ‘’ğ“ˆğ“ˆ
279,  ğŸ” NSFW ğŸ” â‹†   âœ·âœ« ğŸ’˜ âœ¦ they she âœ¨ cam model   content creator ğŸ§š ğŸ¼ â€ â™‚ ï¸ bratty kinky switch ğŸ˜‡ I have a nice butt ğŸ‘
280,  Political news junkie leisurely hiker  Love social awareness art laughing  traveling SCUBA nature Hate War greed both elitist political parties Occupy4life  BLM
281, 
282,  Nerd but not in the cute way but in the kinda annoying way
283, 
284, ğŸŒ âœŒ ï¸ âš– ï¸ â™¥ ï¸  I am an environmental Activist of Mi kma ki and Acadian roots focusing on water  rare species  aquifers  public participation  policy  economics   compliance 
285,  BAP  YM  MA  JD  RM  BROTHERHOOD IS MY IDEOLOGY 
286, ğŸ³ ï¸ â€ ğŸŒˆ  Writer  Programmer  Dancer  Artist  Musician  Nerd  Gay  Mediocre   genderpronouns  LGBTQ   Feminist Black Lives Matter Diversityin YA Diversityin MG
287,  I am a Homosexual Bear and this is my safe for work page where I can talk politics  Homosexual Stuff  and Guilty Pleasures  Fuck pronouns I am just me 
288, ğŸ’š ğŸŒ¸ ğŸŒ¸ ğŸ’™  Kid at heart ğŸ˜œ    Aussie ğŸ¨ ğŸ‡¦ğŸ‡º    Taken ğŸ’™    She They    Demi Panro    Cover   Lord Smidge 
289,  yabba dabba doo  I like tweeting at you  genderpronouns
290,  I write  I read  I fangirl over things  Author of The Misfette Horror Movie club  Owner of like  a lot of dogs  Not actually green 
291,  FtM  Pup  Rainbows  Movies  Reading  Christmas  Studio Ghibli    Food  Treats  Borking  Squeaky Toys  Howling  controversial  anti theist  pro choice
292,  Cats  politics  nutrition  feminism  life    but mostly cats  She Her
293, ğŸ“ ğŸ“ ğŸ”œ  just a stinky little rat man ğŸ­ ğŸ­ ğŸ­ genderpronouns 16
294,  Consultant anaesthetist
295,  The nation is top fun haver
296,  the c stands for clown  insta   lctheders  tik tok   lilithfeathers
297,  Just me ğŸ§š â€ â™‚ ï¸
298,  Sculptress  lifecaster  writer  mother  Not necessarily in that order  Often seen on TV with bad hair  Global Rising Star Award winner  3d Printshow 
299,  mutant   proud    feminist    ÏŸ multifandom âŠ— im heera   heera skywalker
300,  We are a group of witches that pedal full flower leaf teas  candles and accessories  all made in the heart of Oregon â™¥ ï¸ Proud of what is NOT in our products ğŸµ
301, 
302,  Ostseekind ğŸŒŠ
303, 
304, ğŸ³ ï¸ â€ ğŸŒˆ  genderfluid  bisexual  bird and cat owner 
305,  Queer autistic nerd  outofangband on Tumblr if you like obscure Tolkien lore  the darker the better 
306,  22 forever  Cynical asshole  Cat auntie  Filipino  Cis  Straight  Slytherin  Gemini  she her  Trans lives matter  Black lives matter 
307,  Bernie may be my dad but Fenriz is my daddy
308,  Cinematographer   Creator of the RocketJump Film School   She  Her   icon by  citruslucy
309, ğŸ‡ºğŸ‡¸  My pronoun is Lieutenant Colonel  If it seems like I am ignoring you  not sorry  Cult 45
310, Ã­  LLM Candidate at Leiden University   takebackthecity thenorthisnow ibelieveher   s Ã­   Ã­   she her
311,  Probably a lion in a previous life  Definitely an idiot in this one  Avid Cosplayer  Fannibal  and Lion King enthusiast  ğŸ¦
312,  Kismesis de Aduanas  creyente de los Derechos Humanos 
313,  Blaktivist Womanist Mother Bear Daydreamer  Waiting for one way ticket to Wakanda 
314,  genderpronouns  Attempting to be a decent human being  AKA supports Bernie Sanders and The Squad  My humor is mainly puns with some dark humor  Questions  Ask 
315,  Social Justice Barbarian  âš” ï¸ Bi ğŸ³ ï¸ â€ ğŸŒˆ   Boardgamer  TTRPG Enthusiast  Just A Round Man In A Square World Trying To Make It More Welcoming To All 
316,  i once threw up in grayson perry â€™ s sink
317,  Nerdy academic  parent  queer identified bisexual  political obsessive  trans ally  She her  Resist   ğŸŒˆ ğŸŒŠ ğŸŒŠ ğŸŒŠ I don â€™ t respond to DMs 
318,  extrajudicial killings are an act of war  end the NDAA now   genderpronouns 
319, ğŸ³ ï¸ â€ ğŸŒˆ ğŸ´ ó § ó ¢ ó ³ ó £ ó ´ ó ¿ ğŸ´ ó § ó ¢ ó ¥ ó ® ó § ó ¿  â€¢ Computational physics student â€¢ Python web dev design â€¢ email me on miaÂ«atÂ»website
320,  Veteran  conservative  author of  Complete Proof That Liberals Are Nuts   Who Is Donald Trump    The Complete Obama Timeline    other pro liberty books 
321, 
322, 
323,  music  sarcasm  PLUR  Put your motherfucking hands in the air ğŸ™Œ ğŸ“£ ğŸµ ğŸ›Œ
324,  Nerd  Punk  and Artist  More Gay and Less Cis than you will ever be  She They   I guess I am a poet and scriptwriter  Terrified to post my work  18  plz 
325,  I am sure I will do something eventually
326, 
327,  vaguely suicidal
328, ğŸŒ™  ğŸ˜¬ INFJ  Ravenclaw  Environmental Engineering grad student  I also have a youtube channel where I talk about books  she her
329, ğŸŒˆ ğŸ‘­  Intersectionality or bust  Cis lesbian  she her   graphic designer  race traitor  obesity glorifier  Opinions all mine  ğŸŒ¹ ğŸ ğŸŒ¹
330,  Writer  nerd   dog mom  ğŸ’™ ğŸ’œ ğŸ’— Bipride   Angry liberal feminist killjoy  notmypresident resist
331,  An artist ğŸ’œ ğŸ¼ ğŸ® ğŸ¨ ğŸ­ â¤ ï¸    also a non binary white person trying to dismantle white supremacy  All pronouns welcome  Xe Xir are my favorite  ğŸ‡ºğŸ‡¸ ğŸŒ ğŸŒ ğŸŒ
332,  Leader  PiratePartyUK  Break websites for a living  Tweet in a personal capacity  view follow at own risk 
333,  Writer person and college professor  I also use Twitter to advance my political agenda  MFA from  NewSchoolWrites  Co founder   FightBackBR  In the binders
334, âœ¨  24  Geographer  Sassy but in a friendly  affectionate way ğŸ¤· ğŸ¼ â€ â™‚ ï¸   President  commuters uea   overall banter lover  Life is what you make of it âœ¨ Priv  ashnwprivx
335,  â€œ If everyone knew how to herd sheep  there would be no one left to write poetry â€  B bartokomous
336, âŒ ğŸ‡ºğŸ‡¸ ğŸ‡ºğŸ‡¸  DEPLORABLE  Department of Corrections  ğŸ‘® MAGA   Been a Trump supporter since I was younger   MAGA FIND ME ON PARLER    PACKERS FAN  
337,  32  genderpronouns  LOTK  Writer  editor  artist  Art account is  darkroadart  Email business commission inquiries to
338,  funny funny meme so guys we did it pyrocynical lol
339, Elect Women  Writer  English prof  attorney  vegan  racial social justice 
340, ğŸ‡¦ğŸ‡º 
341,  Green Councillor  Shirley West   Spokesperson health   adult social care  Likes evidence based policy  Dislikes health inequality  PhD not MD  Also  rosisexton
342,  â€œ It â€™ s probably fine  â€ ğŸ¤· ğŸ¼ â€ â™€ ï¸ ENFJ â™Œ ï¸ Hufflepuff ğŸ’› Vet Assistant ğŸ± Musician ğŸµ
343,  she her
344, ğŸŒ¹  Writer   political organizer  fox news doxxed my old account   DSASac cochair  tweets are my opinion only 
345,  Journalist â€¢ Photojournalist â€¢ Founder Editor  deepsouthvoice â€¢ Reporter  jxnfreepress â€¢ Proud husband of  wspittman â€¢ Pibble dad to Dorothy   Dru â€¢ Agitator
346,  SC  Bklynzbeauty YT  Bklynz Beauty Instagram  msmakeupmaven
347,  17 time pro bowler  1984 Heisman Trophy winner  Working in victims advocacy day to day and petting dogs and reviewing books on the side  She her 
348,  Life is Good 
349,  ING ELECTRÃ“NICA ğŸ‡¨ğŸ‡¦ ğŸ‡¯ğŸ‡µ ğŸ‡²ğŸ‡½ ğŸ‡ªğŸ‡¸ ğŸ‡¬ğŸ‡· Siempre te recuerdo en cada hermoso detalle que pasa por mi vida  No soy feminista  tengo un marido y un hijo hermoso 
350, âœ¨ âœ¨  Gigi GretchenÂ·ReaderÂ·Beauty loverÂ·BilingualÂ·BisexualÂ·Diamond painter âœ¨ If you want book reviews beauty reviews or diamond painting recs  I am your girl 
351,  really so boring
352, ğŸ‡ºğŸ‡¸ ğŸ‡¨ğŸ‡¦  Founder  Editor  and Dictator of  therightnews Minds   
353,  I am the same age as Christina Applegate   Ewan McGregor  All else is irrelevant 
354, ğŸŒˆ  Ghoulie  Guinea Pig Mom  Board Gamer  video Games  Artist  29 Queer as hell Poly she her  Trans rights ğŸ–¤ ğŸ’€ âš° ï¸ ğŸ¦‡
355,  I am just a random girl floatin around the Inter web  Host of the podcast Cheers From The Grave 
356, 
357, 
358,  4th stage failure  kidneys heart my food life is boring  Let me enjoy my thirst tweets 
359, 
360,  Still trying to figure it all out  Animal lover   owner of Fergie  diva kitty  ğŸ˜¹ We love the  LAKings  ğŸ’ ğŸ‘‘ Go Kings Go   Blue Wave
361,  Liberal all my life had my account for 5 years but never engaged but NO MORE  If you see something say something and I see our country under attack  RESIST
362, 
363, Free Chelsea Manning  Transsexual  motorcyclist  medical lab tech  I like video games  Pinko  Retweets are endorsements unless I say so  Fuck tankies  TERFs  and SWERFs  She her 
364,  Absolutely  100  NOT a Russian bot  Loves Borscht  communism  babuschkas  big furry hats and walks through Moscow in the winter 
365,  â€”â€”â€”â€”â€”â€”â€”â€”â€”â€”â€”â€”â€”â€”â€”â€”â€”â€”â€”â€” â€œ Some of those who work forces are the same who burn crosses â€   RATM â€”â€”â€”â€”â€”â€”â€”â€”â€”â€”â€”â€”â€”â€”â€”â€”â€”â€”â€”â€”
366,  I really do care  Do U    Blue in a red state   Postcards To Voters
367,  Mom  of 3 under 4   wife  Pediatrician  cancer patient  Sens hockey fan  small time child health advocate  and too many other things to list 
368, 
369, ğŸ† ğŸ‡ ğŸ‡ ğŸ†  Bisexual   Bigender   thu thum thu is  pronounced thoo thoom thoos   will also respond to female pronouns  Model is Luca Hollestelle  Icon is my edit 
370,  Pansexual   She Her I am a writer   occasional artist  I like video games  animation    comic books  I have two Youtube channels   a fanfiction 
371,  shut up and sit down
372,  genderpronouns  All Black Lives Matter  Free Palestine  Create the world you want to see in the spaces around you  my views do not reflect those of my employer 
373,  Author of dark fantasy series The Hollow Sun  Slytherin  horror lover  Batman geek  There is only one W in my name  Assume nâš§thing 
374, No War With Iran ğŸ‘¡ ğŸ’›  Living with Bipolar and Borderline PD making my comeback post diagnosis ğŸ’“ âœ¨ Mexicana y socialista pero no Althusser     Gramsci y Miliband ğŸ’£ Bisexual  She Her
375, 
376, 
377,  Hailey  she her hers  22  100  bones  0  water 
378,  If you are here  and not insane  you should follow me    
379,    â™‚ ï¸  19 â›¼ United Kingdom   ğŸŒ…  Essex Cosplayer   ğŸŒŒ  Wannabe Author   ğŸŒ†  Dungeon is and Dragon is Fan   ğŸ†  Artist Design Student   ğŸŒˆ  Wattpad 
380,  send newts 
381, 
382,  she they  Writer of lesbian   noir romances  City Kitty   Country Mouse out February 2020  Happily   contentedly in love  Cat staff  I Stand With Courtney
383, âšœ ï¸  lumber lady by day   bartender by night
384, ğŸŒ™  Hailey    she her    PDX based illustrator    28    ğŸ‘½ I am way more active on tumblr  skellagirl 
385,  i relate to quantum mechanics  i too am a bottom quark ğŸ³ ï¸ â€ ğŸŒˆ genderpronouns
386, 
387, âš¡ ï¸ ğŸ’™ âš¡ ï¸  I am Mrs  Christine W  Chandler Sonichu  Goddess of the Nations of Cwcville  Comma  and the Commodore Consoles  and the Creator of Sonichu and Rosechu  She Her
388, ğŸ‡§ğŸ‡· ğŸ”´ âšª âš«  ğŸ¤¬
389, ğŸ’§ ğŸŒ ğŸŒ ğŸŒˆ 
390,  TG Elite for life  Everything gaming and TV  esp Bt VS and Earper content  Proud queer geek  genderpronouns 
391,  tired  she her
392,  Head in the clouds  feet on the ground 
393, 
394,  ciao  mi chiamo Jess  Io parlo inglese  giapponese  e italiano  Sono lesbica  slytherin  INTJ  e capricorno ğŸ˜Š ã“ã‚“ã«ã¡ã¯ï¼ã‚¸ã‚§ã‚·ã‚«ã ã€‚è‹±èªã§æ—¥æœ¬èªã§ã‚¤ã‚¿ãƒªã‚¢èªè©±ã™ã“ã¨ãŒã§ãã‚‹ã€‚
395,  A potterhead that â€™ s waiting to get decked by Dove Cameron
396,  If you only care to act after you have been personally touched by evil  you do not care about eliminating evil  Typos will happen until we get an edit button 
397, âœŒ ï¸ â™¥ ï¸ ğŸ˜Š âš½ ğŸˆ ğŸ³ ï¸ â€ ğŸŒˆ ğŸ¾   Do not Just Survive  Conquer  Love Is Louder Adopt Dont Shop Pitbull Mom ğŸ¤˜ ğŸ‘‡ Boomer Sooner
398,  She Her  Parent  Advocate  Feminist  NH native  Active Duty  Sailor  Chief   L GB T   HRPrideVA  Sparta Pride Trans Is Beautiful Girls Like Us
399,  Bloom Into You Yagate Kimi Ni Naru Yaga Kimi ã‚„ãŒã¦å›ã«ãªã‚‹ Read it  7w1773r can â€™ t c3n50r my bio Trump is a detriment to ğŸ‡ºğŸ‡¸ LGBT  good ğŸ”— is real  not my site
400,  DJ   Music Producer  I speak using the bible  My music is on Spotify  Tidal  Beatport  iTunes and anywhere music is sold online    Search  Indiglo Rush   EDM  
401,  Mum of two  wife of one  cake eater of many 
402, 
403, âœ¨ âœ¨  Artist  writer  wishful Nerd USE CODE  DumONE for  5 off Avi by
404,  Fighting hypocrites  communists  fascists  neo colonialists and authoritarianism with my Nokia 232  This account is limited to no more than 200 select followers
405, ğŸš€  â™¡  ğšğšŠğš—ğšğšŠğšœğš¢ğšœğšğššğšğš’ğš—ğšœ ğš™ğšğš™ ğš‹ğšğšğšğš¢ â™¡ ğšœğšğš›ğšğšŠğš– ğš™ğšŠğšğš• ğšœ ğšğš›ğšŠğš—ğš—ğš¢ ğšœğš‘ğš’ğš ğšğš˜ğš› ğšŒğš•ğšğšŠğš› ğšœğš”ğš’ğš—  she her 
406,  Life only gets more mundane if you let it  All views expressed here are my own 
407,  Mom Wife Headbanger Teacher I was here B4 computers I â¤ ï¸ horror Reading Recovery Mental Health â€¢Surgery Aficionado â€¢Young at â¤ ï¸ Tags Sat PM on  HashtagRoundup
408,  Interested in    
409,  she her  horny on main 24 7
410, ğŸ“ ğŸ¾  Cantante mexicana  de regadera   Vegan Fitness healthy  pero amante de los tlacoyos  
411,  Tech  business  entertainment  personal musings  and politics when I can stomach it 
412, Operation Save Sense 8  I am passionate about human rights  safe access to reproductive services for women  indigenous Australians and the LGBTQ â€™ s  community Sense 8
413,  Artist  Activist  Trans and proud  LGBT  Pro Israel â¤ ï¸ ğŸ‡®ğŸ‡± â¤ ï¸ ğŸ³ ï¸ â€ ğŸŒˆ genderpronouns
414,  ã€Weird art friendã€ã€22ã€ã€NB  pick your own pronounsã€ã€Wanna commission  Check the link below ã€
415, ğŸš‹ ğŸ´  Anti imperialist  Proletarian Internationalist  genderpronouns  FTP
416, ğŸ’«  ilysms3zt i love you so much season 3 zari tomaz
417, ğŸ—½  Latebloomer ğŸŒ» You have a voice  use it ğŸ—£
418, 
419,  They  them  but if your brain ca not handle that throw out whatever  18 bi taken   so be gone dudes in my DM is
420, 
421,  Libertarian Communist caught perfectly between the Anarchists and the Marxists as of right now and pretty frustrated about this 
422, ğŸˆ ğŸ–¤ ğŸ’š â™¿ ğŸ´ â€ â˜  ï¸  I love the TV show Lucifer and Legion  I voted for Jeremy Corbyn  The UK has betrayed the disabled 
423, â„¢  22  Techie  Avid shoe wearer  I spend too much time consuming media  because I do not have time to make it 
424, ğŸ¦„ ğŸ¦  Demi Pan Transman  genderpronouns   Resident queer nerd  Sometimes I â€™ m funny   Kid ğŸ”¥   1 3 of DUFE  Earper Fandras Creampuff Gryffindor Vegetarian Equality
425,  â€œ ğ“¼ğ“½ğ“»ğ“®ğ“®ğ“½  ğ“«ğ“¾ğ“½ ğ“¼ğ”€ğ“®ğ“®ğ“½ â€
426,  Leftist  Likes Science  Socialism  like Medicare Medicaid   Feminism   learning from History  Hates the Drug War War on Terror Carceral State  She They 
427, 
428,  MAGA   We love Trump in Wild   Wonderful WV  
429,  Amateur writer of various fictional ideas  Norse Pagan and proud follower of Hel  Likes beards  Geek about films  comics and mythology  Avid reader now too 
430,  No puedo leer sin rayar los libros ğŸ“š
431,  Oh my days
432,  writer  blue star parent  social worker  intersectional feminist  knitter  Temper is a work in progress  she her  The emperor has no clothes  khive   GenX 
433,  Musician  Amateur Cook  Intersectional Feminist  Dog Person  Lover of Peanut Butter  Potty Mouth  Doctor of Education  Thinks you should smile more   she her 
434, â„ ï¸ ğŸŒŠ  Political nerd  feminist  proud Tufts   Columbia alum  ed health policy TV enthusiast  writer editor  Ravenclaw  stillwithher resist Views mine 
435,  Troublemaker  rabble rouser  Nazi puncher  truth seeker  A little work  a little love  and a little laughter every day  I have no time for idiots 
436,  hi im darv and something is out there
437,  I teach kids about art 
438,  Secular humanist anarcho socialist demipansexual trans woman  I â€™ m a broke artist with chronic pain  Support me as LucyAudrin on Patreon  Cash app  and Venmo
439,  Virtual Reality tech evangelist since 2005  I run the biggest VR and AR discussion group in Israel   I am not a people person  but I am a person person 
440,  I really like cats  trees  and dismantling capitalism 
441, ğŸ´ â€ â˜  ï¸  Author  Sizzler Editions  writing good smut for smart ppl  heretical feminist  speech disability  pro sexwork  she her hers preferred  but okay w singular they
442, 
443, â™¥ â™¥  â‚24â‚ âğ¬ğ¨ğ¨ğ§ ğ­ğ¨ ğ›ğ ğ¦ğ¨ğ¦ğ¦ğ²â â™¡ğ’˜ğ’Šğ’‡ğ’† ğ’•ğ’ ğ‘µğ’‚ğ’•ğ’‰ğ’‚ğ’ğ’Šğ’†ğ’â™¡ âŒ«ğ•§ğ•šğ•£ğ•˜ğ• âŒ« á´¥ğ“¬ğ“ªğ“½ ğ“¶ğ“¸ğ“¶á´¥ â˜¾É¹ÇÊŒol dnÇÊÉÉ¯â˜¾
444,  just your average weirdo with a love of cartoons
445,  I â€™ m a sucker for a good story  Exec  Director  BeInteractiveHQ  among other shenanigans 
446,  Deep state  neoliberal shill  Block trolls on the right and the left  Klobuchar 2020 I will vote for the nominee 
447,  America has never been perfect but it has always been great 
448, 
449,  it is like fun   only different
450, â€œ â€  Trans woman with anxiety  depression  and minor physical disabilities  Chasers  transmed  and terfs fuck off  She Her  HRT  19 07 05 Sad   sad dragbun
451,  Hello there  MapacheCelestial en Playstation Network
452, â„ ï¸ â„ ï¸  Roleplays as Rider   genderpronouns   Cosplayer   banner by  hinodeya3   please go follow my alternate  i am more active on there   PlanetNebulaii
453,   I will love you forever Paul Walker   American Styles bc  Harry Styles in the U S  during summer of  13   onedirection 8 22 14 at NRG Stadium
454,  She They LGBTIQ activist  trans youth advocate and overall human rights supporter 
455, 
456,  ğŸ³ ï¸ â€ âš§ ï¸ Queen Your Highness ğŸ³ ï¸ â€ âš§ ï¸ I â€™ m Mia from Macy v Holder  trans rights trailblazer   speaker  host
457,  Aspiring writer  Psychology graduate  Music movie addict  Never judge a book by its cover   LGBT for life   
458, 
459, E United FBPE Mangan Plan  Professional writer actor director  Trolls automatically reported   blocked  Life is too short to waste on the Walking BrainDead
460, ğŸ¶ ğŸ¥© ğŸˆ ğŸ’ ğŸ ğŸ® ğŸ‡¨ğŸ‡¦  The most important thing in the world is family and love AND THE WIFE IS LORD  please no dick pics  yyc ğŸˆ ğŸ’ ğŸ€ âš¾ ï¸ âš½ ï¸ ğŸŒ ğŸ» â€ â™‚ ï¸ ğŸšµ â€ â™€ ï¸ â›° ğŸ®
461,  FITZ   science  biatch  â€¢ stream wandavision on disney  later this year
462, ğŸŒˆ ğŸŒˆ  Jo Armstrong  adultphotographer tgirl Be the one pink poppy in a sea of red  live your best life  DM here for photographic collaborations Only 18  NSFW
463,  once every month or so  i will say something about food or musicals or give an opinion no one asked for
464,  Anthropologist  Nerd  Way too into politics 
465, ğŸŠ  Juris Doctor with an Esquire rising  âš– ï¸ Giants with a Mets moon  ğŸ–¤ ğŸ§¡ ğŸ’™ Claudia Kishi stan account  âš¡ ï¸ TERFs are scum pigs  â˜  ï¸
466,  Helicopter Pilot  Apocalyptic Instigator
467,  â™« Emo â™« Musician â™« Trans Princess â™«
468,  â™¤Full Time Edgelordâ™¤Cyborg Drigerâ™¤26â™¤Genderfluidâ™¤Preferably genderpronouns  Any pronouns will do  though  â™¤Polyamorousâ™¤Pansexualâ™¤Paganâ™¤
469, 
470,  do flowers exist at night 
471,   if you are broke just learn how to steal    Kim Mingyu
472,  Miley Cyrus smiler beccaholic Just trying to live my life in a world full of bullies  liars  hypocrites  rapists  racists  peadophiles  murderers  terrorists
473,  There is a crown covered in glitter and gold  I am gonna wear it whether you like it or not   â€”Oh Wonder 
474,  actor   director from canada  she her ğŸŒˆ Betty McRae in Bomb Girls  Ms  Petosa in Wonder   some other neat stuff 
475,  Top Secret SCI LEVEL required
476,  ã€ŠKinky Slutã€‹ã€ŠBaby Girlã€‹ã€ŠKittenã€‹ AVN TEA XBIZ NOM18 xcassidyquinnx gmail
477,  IT contractor  chronic book addict and sci fi crime geek
478,  genderpronouns queer Chicago reared Londoner who is trying to have it all and then some   we will see how that turns out  Liberal  progressive  Lefty  blah  blah  blah 
479, 276536193  Nwoke Igbo genderpronouns his support your local Black tweets c shapp Vâ‚¬nmo   ijoroko
480,  I am a phantom 
481,  Media Specialist at an Elementary  Book fiend  recovering coffee nut  obsessed with Beagles  ğŸŒ± based  and am a proud Ravenclaw
482, ğŸ¼ ğŸ‘  Panda Obssesed Nerd Girl Jewellery and Art over at  thatbeadbear 
483, ğŸ³ ï¸ â€ ğŸŒˆ ğŸ³ ï¸ â€ ğŸŒˆ ğŸ”ª ğŸ”ª  ğŸ³ ï¸ â€ ğŸŒˆ Proud Supporter of the LGBTQIA  ğŸ³ ï¸ â€ ğŸŒˆ âœŠ ğŸ¼And Feminism âœŠ ğŸ¼ âš¡ ï¸ ğŸ’œ âš¡ ï¸ Protector of the sacred  CPU CWCSonichu Leading r CultOfCWC  Gender not conformed 
484,  Never jump to conclusions
485,  a sockmaker working on a top secret sock she her
486, ğŸ‡ºğŸ‡¸ ğŸ‡¨ğŸ‡®  I am married  37 yrs   father of two  grandfather of four  avid drummer with local artists  MAGA ğŸ‡ºğŸ‡¸ KAG
487,  Collector of common sense  generally a decent person but don â€™ t push it 
488, 
489,  22  bi pan  professional dumbass  genderpronouns uhhhh Ask me things 
490,  Controversial  Unique  Rough around the edges  As seen in BBC2 Tough Mudder Documentary  Humanist and free speech advocate  Roma Gypsy heritage 
491,  24    casi  profe de ingl Ã© s   paso mÃ¡s tiempo jugando que siendo productivo
492,  Ukrainian American  New Yorker  Guacamole enthusiast  Lipstick hoarder  Theater nerd  Libertarian ish  Business Manager   signaturetheatr 
493,  Ê·Ê°áµ’áµ’áµáµ– galit pero hindi papanget
494,  I think im funny and I love harry styles
495,  Husband  father  son  brother  friend  businessman  scientist  nerd  and many other descriptors 
496, 
497,  Hockey
498, âœˆ ï¸  Animator  Filmmaker  Sentient spork  Hat person  Prompt critical  albany extinct  Killface For President   â‚ƒ â‚â‚„â‚â‚…â‚‰  TheToonwerks
499, ğŸ³ ï¸ â€ ğŸŒˆ ğŸ¾  ğŸ‡¨ğŸ‡¦ ğŸ She her â€¢ witch â€¢ Feminist â€¢ cross stitch ğŸ§µ podcasts ğŸ™ ï¸ comics ğŸ’¥ ChildFREE â€¢ Happily Taken ğŸ’‘ SJW soldier Fitz Fam Mental Health Awareness No DMs ğŸš«
500,  Lover of pie  Player of ukuleles  Father of adorable maniacs  Fighter of injustice  Teacher of small children  Petter of animals 
501,  Libertarian Conservative  My bias is that I will always argue for smaller government and responsibly enshrined constitutional freedoms  What is yours  Sgenderpronouns
502,  Portland  OR band playing what used to be called College Rock 
503, â€™ 
504,  Blockchain Enthusiast  Degenerate Crypto Trader  IT Guy  Doggo daddy  Verified Brave Creator  Mostly Libertarian  Anti PC  MINI Cooper  Buy Bitcoin 
505,  25   lesbian âš¢  autistic   saudi escapee   exmuslim   video games enthusiast  â€œ when the last tree has fallen and the rivers are poisoned you cannot eat money â€
506,  Green New Deal 
507, ğŸ† ğŸ´ ğŸ´ ğŸ†  â¤ Not affiliated with any group ğŸ–¤ Community defense advocate â¤ Tankies get blocked ğŸš«  she her 
508,  She Her  The cheeriest cupcake baked by Satan 
509, ğŸ³ ï¸ â€ ğŸŒˆ  YouTuber   freelance editor   lesbian   she her   Always ready to gush about queer books   business inquiries to
510,  I â€™ m just here to lurk  like  and retweet    but mostly just lurk  She Her 
511,  ğŸ’œ   Music  Vinyl  Concerts  Travel  Animals  Deep conversations  Human rights  Liberalism  Geekstuff Books Poetry  Lyrics   Arts  Life itself 
512,  No one of consequence 
513, ìœ íƒ€ ë…¸ë˜ ì˜í•´  â €â €â €â €â €â €â €â €â €â €â €â €â €â €â €â €â €â €â €â €â €â €â €â €â €â €â €â €â €â €â €â €â €  yuta 951026 âœ¦âœ§â €   æ‚ å¤ª â¸ à¹€à¸•à¸™à¸¥ à¹Œ    ã€ƒ my seventh sense awakens à¿â™¡à½¼   Ë— ËË‹ YUTA ËËŠË— ğŸ’˜ ğŸ’˜ ğŸ’˜ ğŸ’˜ â €â € â € NEOCITY ğŸ’š MIA CHI
514,  genderpronouns  Human parent  Pitbull parent  Overwatch addict  Houston Outlaws fanatic  Pro Ana  Anarchist lite  Trump sucks 
515,  Genderqueer Geordie living in Mackemland  A little aspie  a little addicted to caffeine and a lot of love for DnD  Pokemon  tattoos and drums  Ravenclaw 4 life
516,  23  Ace AF  Gender indifferent fluid 
517,  Millennial Progressive Autism Spectrum  VACCINATE YOUR Fâ—CKING KIDS  Mainly She Her pronouns but you can use any with me 
518,  eat pussy  not animals   pt eng   intj t   truscum radfem dont interact   private   chaoticxaro ğŸŒŒ
519,  Sheep all cuddled up in a pen called Twitter  it is poetry in god forsaken motion 
520,  RANDOM GAY DUDE ğŸ—½ ğŸŒˆ ğŸ’•
521,  Unnecessarily earnest She Her They ğŸŒ¹
522, ğŸŒµ ğŸŒµ    Poly   Queer   genderpronouns   Married   Beer   Metal      ğŸ›‘ 18  ğŸ›‘      Art Doer   Nazi furs fuck off   
523,  Ask me about my thesis on Torture Porn 
524,  Nothing but love in my heart  Richard genderpronouns
525,  Patriotic nationalist ğŸ‡ºğŸ‡² ğŸ‘Œ
526,  21 years Detroit become human  Comics  Musicals and Theater keep me Alive and well
527, ğŸƒ  Research  Compare  Psychology Economics Politics  before you buy on the AIM Casino  Tweets not investment advice DYOR  Also  do not fkn hurt animals  Vanessa â™¥ ï¸
528, ğŸ’€ ğŸ‘½  annoying nb brat who likes cats   music   gay superheroes   mr  robot  leftist bitch  also pan af  that is all you need to know   genderpronouns 
529, â™¿ ï¸  Social Worker   Counselor working at the intersections of mental health  substance use  and addictions    Views are entirely my own   ğŸ§  â™¿ ï¸ ğŸ¥„ ğŸ‡®ğŸ‡± ğŸ³ ï¸ â€ ğŸŒˆ
530,  i n s a n e i n t h e m e m B R A I N
531,  she her
532,  They  them
533,  hallelujah  I â€™ m a witch  I â€™ m a witch  hallelujah
534, ğŸ³ ï¸ â€ ğŸŒˆ  Bibliophile  horror movie fanatic  anime   gaming nerd  Proud rainbow fam and mom of ASD kiddo  Supporter of equal rights  MAGA Morons go away  She Her
535,  Illustrator  mother  student  stumbler 
536,  Dungeon Master  Caretaker  Cook  Theologian  Activist  Daoist  Episcopalian  Blogger  Streamer  All Are Welcome 
537, ğŸ³ ï¸ â€ ğŸŒˆ âœ¡ â˜ª ï¸ ğŸ³ ï¸ â€ ğŸŒˆ 
538, âŒ 
539, ğŸ‡¨ğŸ‡¦  Always writing  never sleeping    
540,  Digital comms   Human rights at  amnestynz  Hong Kong Expat  Chinese Studies Graduate  USYD   Tsinghua   Freelance photographer 
541,  artist  21  genderpronouns  the Netherlands  Instagram  Lithunium Snow snapchat  Lithunium business 
542,  Feminist  Humorous  Sometimes sensitive  Avid reader  I am obsessed with makeup movies ğŸ¥  music    I am in a very committed relationship with food 
543, 
544,     Self taught character sketch concept artist  coffee addict  plays too many videogames and does too little drawing    Personal 
545,  MTheol  University of St Andrews  Band 5 Paediatric Staff Nurse  Herbivore who loves Seafood  LGBT Rights Advocate  Alkaline Living Enthusiast  Lover of Music 
546,  Actually Autistic Swedish  Hen They  Bi  Alt  for mutuals   Tanngr1snir  Brands get blocked
547,  Transcriber  Twitch Mod  Actor  Geek  Human  Mastodon    Instagram   Kthanid 
548, ğŸŒ± ğŸ³ ï¸ â€ ğŸŒˆ ğŸ˜·  Science  Taiwan  LGBTQIA  community  Secular Humanist  Plantbased Chef  Hospitality Consulting  genderpronouns 
549,  Bathycolpian  alogotransiphobic  lachrymose but above all sesquipadalian  She her or s Ã­   Ã­ for the Gaeilgeoirs 
550, ğŸ’” ğŸ‡®ğŸ‡·  Animator  feminist le t uathachas  Irish speaker  lover of Gaelic culture  Labor   trans   BIPOC rights  Made of sencha tea  She they  s Ã­  siad Unions For All
551,  genderpronouns   Eloheh Way   Writer   Reluctant Lyft Driver   MFA student  PNCA  MfaPnca   â€œ On your left â€
552,  Non binary Drag King  Mister New Mexico USofA MI 2019 1st Alt  taking on the world one number at a time ğŸ¤´ ğŸ»
553,  22  genderpronouns
554,  British queer polyam  RA  feminist  genderpronouns pronouns  Artist  gardener  baker  crafter  Fanboy cat lady  Transphobes fuck off 
555,  Comedian  writer  Grandma Yetta impersonator 
556, âŒ  LIBERALISM IS A DISEASE ğŸ‡ºğŸ‡¸ FINISH THE WALL ğŸ‡ºğŸ‡¸ REPEAL OBAMACARE ğŸ‡ºğŸ‡¸ DRAIN THE SWAMP ğŸ‡ºğŸ‡¸ EXPOSE THE MEDIA ğŸ‡ºğŸ‡¸ KAG ğŸ‡ºğŸ‡¸ QANON ğŸ‘
557,  Pronouns  She her  genderpronouns Trans person  tech geek  gamer  musician  Guitarist for Wax Chaotic 
558, â­ ï¸ â­ ï¸ â­ ï¸  Waiting for the real San Andreas Calexit   LEARN TO SWIM  Fuck Hollywood Fuck  Jack Fuck Shit Libs Fuck Anti Fa MAGA
559, ğŸ‡ºğŸ‡¸ ğŸ’© ğŸ’ ğŸ‡ºğŸ‡¸ 
560, 
561,  Went down for a quick nap in 1987 and woke up today  I am tweeting from my Apple IIc
562, 
563, ğŸ‘Ÿ  Polyglot 10  Fr  De  Pt    En Es Translator  Feminist  Politically Incorrect  Angry Liberal  Traveler  English Major   Skandinavistik at  HumboldtUni 
564,  Universal Grandmother  Abuelita  Unci  Crone    Starfish Rescuer  I made a difference to this one 
565,  me gusta bardear gente  doctor who y el griego bien antiguo
566, Ã­  soy real  por que no vale la pena  no vale la pena  traer un mundo dentro y no sacarlo pa fuera
567,  brazilian vfiver â€¢ physioterapy fisioterapia 5 9 â€¢ league of legends â€¢ addicted heroin ğŸ¤«
568,  JRR Tolkein   George RR Martin   Science   Penguins   RT does not endorse   music supervision   Acting   musician
569, ğŸ³ ï¸ â€ ğŸŒˆ  Full Time Gay ğŸ³ ï¸ â€ ğŸŒˆ ğŸŒˆ â¤ and Gaymer ğŸ³ ï¸ â€ ğŸŒˆ   Snapchat  Thereal Lito   Instagram  thereal gaylito   ğŸ³ ï¸ â€ ğŸŒˆ
570,  19   NB Trans Girl   Australian   Pan   NSFW ğ‘»ğ’‰ğ’†ğ’š ğ‘ºğ’‰ğ’† ğŸ”
571,  writer  person with a camera  steampunk  ğŸ’‹
572,  Web developer  technical book author ğŸ’¾ Skeptic  gender iconoclast  and cat furniture ä·£ ğŸ‘© â€ ğŸ’» DMs are open 
573,  she her resist persist ğŸ‡²ğŸ‡½ ğŸ‡ºğŸ‡¸ ğŸ‡¬ğŸ‡§ Believe Survivors Me Too specialneedsparent utpol Black Lives Matter Trans Lives Matter â€œ not political â€   privilege ğŸŒŠ
574,  I am Argath the Devourer  I like politics  planetary conquest and lists of three  My favourite colour is hatred  It   that
575,  Social Researcher  Research interests include international development  global health health behaviour and medical anthropology  Interdisciplinary
576,  Mujer Trans âš§   Feminista   Promotora de DDHH de personas LGBT ğŸ³ ï¸ â€ ğŸŒˆ   UNAM   Coordino  michoacantrans
577,  ğŸ‡¦ğŸ‡± b r u h ğŸ‡½ğŸ‡° ğŸŒ¹ Bruh sound effect 2
578,    Í¡Â° ÍœÊ– Í¡Â°  
579,  Man of mystery
580, ğŸ© ğŸ‘Ÿ  Composer  sound designer  instrument builder    Chiptune artist    Cohost at  thegeekbeat    genderpronouns   
581, 
582, ğŸ²  Here is my official Twitter with upcoming news about my books and random moments in my life  so stay tuned 
583,  Historian  Louisianan
584,  Criminal Justice student ğŸ‘¨ â€ ğŸ“   Celtic ğŸ€   ğŸ³ ï¸ â€ ğŸŒˆ sc   jackbuchanan94
585,     ğ˜ºğ˜°ğ˜¶ ğ˜¤ğ˜¢ğ˜¯ ğ˜®ğ˜¢ğ˜¬ğ˜¦ ğ˜¢ ğ˜¤ğ˜©ğ˜¢ğ˜¯ğ˜¨ğ˜¦    ğ˜ºğ˜°ğ˜¶ ğ˜©ğ˜¢ğ˜·ğ˜¦ ğ˜µğ˜° ğ˜£ğ˜¦ ğ˜µğ˜©ğ˜¦ ğ˜¤ğ˜©ğ˜¢ğ˜¯ğ˜¨ğ˜¦ ğ˜µğ˜©ğ˜¢ğ˜µ ğ˜ºğ˜°ğ˜¶ ğ˜¸ğ˜¢ğ˜¯ğ˜µ ğ˜µğ˜° ğ˜´ğ˜¦ğ˜¦   
586,  To find happiness  you got to find yourself first  Aries  We The North Leafs Forever Blue Jays WWE AEW Knights Of Malta ğŸ‡²ğŸ‡¹ Bow To The Universe ğŸ› O Ggamer ğŸ®
587, 
588,  genderpronouns  DM  sometime video gamer  former web developer  Black lives matter  Punch Nazis  Believe victims 
589,  She Her
590, ğŸ  k
591,  Perfectly imperfect 
592,  Only useful for putting the waffle in the toaster genderpronouns trans guy Donate to my Top Surgery Fund  Venmo  Ace Hainley CashApp   AceHainley
593,  Foul mouthed leftist demon  Formerly  idontevenknow42  netneutrality Bernie 2020 Tulsi 2020 Drop Out Liz No War With Iran Get Money Out
594, ğŸŒŒ  Champagne for my real friends  real pain for my sham friends
595,  Artistic director  1623theatre  Director  QueerLadyM  Co producer  OthellosSister  Social justice  Shakespeare  Queer  genderpronouns  ğŸ“š ğŸ­ ğŸ’œ
596, 
597, ğŸ¤¡ ğŸ¤¡ ğŸ¤¡  pessoa confusa que gosta de reclamar muito
598, ğŸ§— â€ â™€ ï¸  Cozy Cult member since its inception
599,  i want more internet friends
600,  IT manager enjoying music  Pilates  film  theater  movies and hiking 
601,  I am a russian bot  Do not tell anyone 
602,  Happily married to the sweetest man in the world  living in Perth and exceedingly grateful for everything I have  Please take note I am occasionally tasteless
603,  she her   IG   rhiannonmairi   parent  intersectional feminist  socialist  atheist  chocolate lover  coffee snob  geographer  professional bibliophile 
604, ğŸ€  Come watch me stream games n stuff  Aspiring Pok Ã© mon Master 
605, ğŸ§·  Hey Cheeto Jesus supporters  I refuse to have a battle of wits with unarmed persons    â¤ Love Wins  ğŸ’— ğŸ³ ï¸ â€ ğŸŒˆ ğŸ’ Semper Fi  Be The Change Resist Love USMC
606, âœ¨ âœ¨  ã€Œ Hello  We are a suspected DID system of 53    Pronouns  They Xe   Warning  May RT Sw Sh spoilers    Avatar by  serpentsystem ğŸ’œ ã€
607,  political rants  mostly   mixed with some real estate posts  you â€™ re either going to love me or hate me   siouxymca trustee   dairyarts board frosh
608,  Assistant Curator on Curating London  Museum of London ğŸ› Finsbury Park Area Study ğŸŒ² Queer history enthusiast ğŸŒˆ Warwick History grad ğŸ‘¨ â€ ğŸ“ All views my own
609,  And I a Millennial  Am I Gen Z  Who is to say 
610,  The other account is where it gets gangsta   GriseldaX13 Human Rights Activist Anti Corruption Investigator Political Analyst Econfluencer
611,  anime manga  comics  politics Law  ğŸ³ ï¸ â€ ğŸŒˆ   British American crime shows  Philadelphia Eagles  Everton fc  FC Bayern Munich  video games  baking  and cooking 
612,  Food enthusiast  dog lover  gaymer  writer  disability activist  and attempted do gooder 
613,  All around nerd  Trying to make the lives of the people in mine just as good as I possibly can ISTANDWITHVICTIMS ğŸ’™
614, 
615,  Traveler  doggo lover  human ğŸŒˆ ğŸ¦„ ğŸ¶
616,  28   ISTJ â™‘ Likes  narshemines  hockey  video games  and maids  Go Avs Go
617,  Hufflepuff  bookworm  Disney nerd and showtune belting galaxy defender  This is the one place I open up the most welcome to my twitter  with the real me  genderpronouns
618, ğŸ³ ï¸ â€ ğŸŒˆ ğŸ‡¦ğŸ‡º   genderpronouns  There is no point in being grown up if you ca not be childish sometimes 
619,  Motility  Flux and exploration
620,  Queer AF  media nerd  black lives matter  damn dirty hippie
621,  Editorial Assistant  southern review    MFA Candidate in Fiction  LSU    She Her
622,   psalm 46 5 holy cross  Jv fh  go tigers  
623,  Actor Advocate â€¢ 19 â€¢ Facebook  georgiestoneofficial â€¢ instagram  georgiestone
624, ğŸ’— ğŸ’œ ğŸ’™  She her they  Bisexual and Gen X  I â€™ m not even sure if I exist 
625,  Heyyyy
626,    Name  Gnome Issaac   genderpronouns    I will try to respond to everyone when I can   
627,  Social worker  dog parent  gamer  genderpronouns pronouns 
628,  Editor  writer  fermentation enthusiast 
629, ğŸ¹ ğŸ––  SciFi  Fantasy   Romance Fan  Big Arrow fan 
630,  leftist lad   gender is a box of vegan chocolate   genderpronouns
631,  Family first generation Colony of Virginia  Norse blood mixed with Cherokee Savage  I have always been here  Conservative  Gen X 
632,  if you wanna be a dog  rUff  you know 
633, ğŸŠ  Hey I am Paige I hate the ocean and I eat a lot of pickles and a lot of the time I drink the juice afterwards  Strong Girl just trying to have a Killer Time 
634,  PsicÃ³logo  H Ã© roe de Hyrule y CampeÃ³n Insular  Doy clases de psicolog Ã­ a 
635,  Just a Pacific Northwest kid  Grit City  Youth Advocate  Cat Parent  Them Them
636,  No idea what to put here  So     hey 
637,  A real Cape Codder   not a wash a shore     Sports Freak  Stats Geek     Proud Dad to two awesome girls 
638,  Lgbt ğŸ‘­  Queerâš§  I like a girl fuck off ğŸ‘ˆ three fur babies ğŸˆ ğŸˆ ğŸˆ she her
639, ğŸ‘‘ ğŸ¦†  she her black as fuck ğŸ’ hood as fuck ğŸ’ educated as fuck  ğŸ’ Co Creator of  CanWeTalkPod Creator of SoloKB ğŸ’œ ğŸ’›
640, â¤ ï¸ ğŸ¦  Nurse Book lover addict Gryffindor
641, ğŸ‡¨ğŸ‡± ğŸ’œ ğŸ¤Ÿ  Map Of The Soul 7   ì•½ì†   Promise  my angel  my world    Practica la compasiÃ³n 
642,  The bitch that bore him is in heat again 
643, ğŸ´ ó § ó ¢ ó ³ ó £ ó ´ ó ¿ ğŸ‡¨ğŸ‡¦  Do the best you can until you know better  Then when you know better  do better  â€ â€”Maya Angelou  Tweets are my own 
644,  Just an aspiring writer who prefers Locke  the Xbox One and other unpopular stuff    Not a hipster  or not a hardcore one at least   
645, ğŸ¤™  Baby  ai not no lie  I am bi  bi  bi    she her transrightsarehumanrights
646,  Swear aholic  Liberal  Insomniac  Wishful thinker  Twitter forgetter abouter 
647,  Father  capitalist  connector  political junkie  Cal Bears  SF Giants  GS Dubs   Niners  Do not blame me  I supported Rubio 
648,  i like boats
649, ğŸ‡¨ğŸ‡¦  Proud Canadian   Corporate grunt by day   Interstellar traveler by night   Nerd   Authoring my first Far Future SciFi novel writerscommunity âœ ï¸
650,  Merry Impeachmas  resist
651, â€™  belgian film student at fal and professional shitposter
652, 
653,  cartwheels of joy
654, 
655,  I identify as a genius with a total refusal to masquerade as a biology denier  This woman is pro nouns  like adult  like woman and like female  ãƒãƒ³ãƒ‡ã‚¤ãƒ¼
656, 
657, 
658, 
659, ğŸ¦– ğŸ³ ï¸ â€ ğŸŒˆ  20   bi   she her   tired   the only thing keeping me tethered to this existence is the promise of bleachers releasing new music
660, â„ â˜ƒ ï¸  ğŸ‡¨ğŸ‡­ ğŸ³ ï¸ â€ ğŸŒˆ   genderpronouns  24   ger eng  friendly   quirky Aquarius  egineer student  drumer  orchestra percussionist  hobby artist  nintendo kid  rts art  incl  NSFW 
661,  Progressive Democrat fighting for the people of California State Assembly District 72   ğŸ´ ğŸ³ ï¸ â€ ğŸŒˆ ğŸŒŠ JD   uclalawschool  BA   chapmanu  genderpronouns 
662,  Patriot   ğŸ‡¨ğŸ‡¦ Canada U S A ğŸ‡ºğŸ‡¸
663,  Festering Intellectual Portmanteau Enthusiast
664,  i hate myself
665, ğŸš‚ ğŸš©  the old order is dying  and a new one struggles to be born  So now is the time of monsters  connecticutian  expat  marxist
666,  Trouble is my business
667, ğŸŒŠ ğŸŒˆ â„  FBR resist MA Nonprofit Management   Public Administration
668,  bro i am s i am just sitting here
669, ğŸ ğŸ ğŸ  standindivisible expectus enough
670, ğŸ³ ï¸ â€ ğŸŒˆ  Art Credit for Display Pic   misarumis 24  She Her  Lesbian  Writer  Activist  Kiyokian  Slytherin  Scorbus shipper  Snape lover  Intersectional Feminist 
671,  Poet  Novelist  Playwright  Publisher  writingknights   poem book fiction writing Dragons Bane Yang Gang Yang Gang 2020 tweets del after 3 mth
672,  Oh Noes  It is the Official  BitchyKnitter Fan Page  She is the Sultana of Snark  Barista of Block    Ibis of Insults   100  that bitch  ğŸ‘ ğŸ‘ ğŸ‘ ğŸ‘ ğŸ‘ ğŸ‘ ğŸ‘ ğŸ‘ ğŸ‘ ğŸ‘ ğŸ‘
673, ğŸŒ¶ ï¸  A depressed hermit who likes hot sauce  video games  and raccoons  Sometimes I am funny  Snap  beingasapoet
674,  Software Developer  Microsoft
675,  Mother  wife  geek  opinionated
676,  Taking the patriarchy down one bloke at a time  I am wat you would have wished you were     if only you were a decent person  Pronouns  zig  za  zim
677, 
678,  Royale with cheese 
679,  Tegan and Sara and The Ramones have my heart  Her She 13  S Sider
680, âš¡ ï¸  Leo aka AJ  genderpronouns and genderpronouns    queer â€¢ art hoe â€¢ reylo stan â€¢ androgynous â€¢ bnha textposts â€¢ 19
681, ğŸ³ ï¸ â€ ğŸŒˆ  Born Aotearoa  Professional Archivist  2017 South Australian Women â€™ s Honour Roll  Trans rights advocate since â€˜93  living on Kaurna land
682, ğŸ•¯ â™¿ ğŸ‡ªğŸ‡º âš«  From the Shire  and my family is from the original BC  a place named long before British Columbia  Proud of proper Fidget Pie 
683,  Pianist  singer  chocoholic 
684, â„¢  IN Born   IA Bred   American Made   Hawk Fan   Weightlifter   Husband   Millennial   Non conformist   3x Fantasy Football Champion Soli Deo Gloria
685,  Mostly found muttering wtf is wrong with people  She   her  Anti fascist  Wobbly 
686,  Progressive  mom  music geek  feminist  news media junkie  My opinions are my own 
687,  a person
688,  2017 World Series Champion 
689,  t K All Day Fa Ze Up Member of the  kuavokenny fan club
690,  Life depends on when you say that  Go  Here  Queer  Loud AF ğŸ³ ï¸ â€ ğŸŒˆ ğŸ‰ ğŸ‰ ğŸ‰ she her
691, ğŸ  Geek  Cosplayer  genderpronouns  The chosen one of extra 
692,  I am a publishing professional   I run a media company Featherless Digital Media   Featherless Publishing   I am an author ğŸ“š I do host affiliates   sponsors
693,  Labour Party member  socialist  atheist  vegan ğŸŒ¹
694, 
695, â„¢  Kind of like a combination between Patrick and Squidward I prefer genderpronouns pronouns  But call me whatever pronoun you want  just do not call me late for dinner
696,  I teach 
697,  Flaming bisexual trans ML pushin â€™ 30  I miss forums  Please do not refer to me in the third person  Find me on your local hookup app
698, ğŸ’  Leeds   ğŸŒ¼ Gods Own County ğŸŒ¼ ALAW ğŸ’™ ğŸ’› ğŸ’™ Retweets not Endorsement ğŸ¤— Looking forward to a brighter future  out of the EU ğŸ‡¬ğŸ‡§
699,  Has Cerebral palsy is ballsy  Also Ardently anti imperialist  queer  commie  musician  Pronouns  genderpronouns
700,  High level gamer  Master in Social Psychology  HighFantasy Geek addict  Playing retrogames as a tribute to my brother 
701,  Writing about queer folks  My debut THE WINTER QUARTERS is out now  Sign up for my mailing list 
702,  genderpronouns 
703, ğŸ‡¿ğŸ‡²  I am from Lusaka Zambia  creative writer   thinker  a lover of flowers studying biotechnology Kamala 2020 Khive For The People   Biden Battalion Amy Klobucher
704,  she her 18
705, andamovie  Still working on it  genderpronouns
706,  genderpronouns hey you Digital humanities type  cultural historian  scholar  analyst  musician at heart  storyteller  Old as dirt  You do not wanna know 
707,  Progressive  Operating room nurse for the past 30 years  Adios trump  Bernie 2020
708,  Barbie doll with an inquisitive mind  No matter what Ken says  he is a man 
709,  An incurable addiction to epistemology  Controversialist  Dirty realist  Determined non conformist  Vous jeu  Â¯   ãƒ„   Â¯
710, ğŸ–¤ ğŸ–¤ Fight For Wonho  aspiring novelist  dusk boys   hard to breathe stan  nonbinary  genderpronouns pronouns  ğŸ–¤
711,  My only personality trait is when I got rabies
712,  Official mess â€¢ J J stan â€¢ Drag follower â€¢ always hungry â€¢ YouTube is my goal â€¢ queer af
713,  1 vodka  2 vodka  3 vodka  floor
714,  Killjoy feminist
715,  its quick  its easy  its free  its pouring river water in your socks 
716,  bengal cat mom real kids mom dog mom nap taker lover of wine watcher of multiple tv shows ca not reach the top shelf
717,  If one ca not be a great artist or a great soldier  the next best thing is to be a great criminal â€”F  Scott Fitzgerald
718, â™ ï¸  Surprise  I am a Scorpio ğŸ˜ˆ   Toronto Bitch by Day  Toronto Drag Bitch by Night  ğŸ³ ï¸ â€ ğŸŒˆ Taste the Rainbow ğŸŒˆ  
719,  No seas hipocrita    Dejame a mi ese trabajo   
720,  Pobre  feio e moro longe  Economista nas horas vagas 
721,  Hey  It is Evan   He They   Possibly an Angel but like the kind with a thousand eyes  that is name burns when spoken    art  evanthology
722,  Folkish sounds  ethereal vocals  celtic undertones  Reverse The Hexes EP out now  Bookings  Sync   Licensing  She Her
723, 
724,  Hihi  Name is Bizzie Bee  and I am the trans goddess of healing and prophecy   Part of the godsquad   banner by me  
725,  Christian  Future Pastor  LGBT ally  Pro Choice  Socialist Liberal  Feminist   Marvel Fan  genderpronouns
726, ğŸ‘ ğŸ³ ï¸ â€ ğŸŒˆ ğŸŒ¹ ğŸ‘ âœ ï¸ ğŸ˜  Japaneseâ†’English translator  gig economy slave  CS student  gay Latino
727,   All pronouns ok  Historian  Master    historical theatre movie makeup   hair artist   Les Mis Versailles   Cosplayer   MUSICALS
728, âš¡ ï¸ No War With Iran  Anti imperialist feminist  North America Campaigner  Amnesty International  Gitmo  US Mex border  Canada  Partner in crime of  raedjarrar  Views mine  âœŠ ğŸ¼ ğŸ”¥ ğŸ‡µğŸ‡¸
729, ğŸº ğŸº  She her    LGBT    Lefty    Artist    Musician    Atheist    Ethnic Jew    Anti capitalist    Transhumanist    I bite TERFs    Open for DMs  no spam   ads 
730,  somewhat intolerant of fascists  Peramangk resident  genderpronouns my liege
731,  I am the pilot of a 30 foot tall giant robot  Also  am prone to hyperbole  if by hyperbole one means out right lying for the sake of comedy 
732, 
733,  Official twitter page for Vertigo Theatre Productions  next up the return of the UK premiere of the Off Broadway play Die  Mommie  Die 
734,  Game audio producer  Inner West Council LGBTIQ working group  DJ The Outlaw Jody Wales Owner of  Strange Audio
735,  My Daddy says some people are so poor  all they have is money  YES to a free Scotland and a chance at equality for all our people 
736,  New Account August 2019  Plain speaking libertarian  journalist  seeking out and exposing daily iniquities everywhere 
737,  Mostly here to let my inner critter be free but also here to share the love and give good vibes when needed 
738, ğŸ ğŸ¦  Ahoy there  I am Draco  I am an artist  dm  and writer trying his best  Trapped in a constant state of confusion  19  genderpronouns  maybe    Sfw  keep it clean 
739,  resident of the infinte void  Sometimes lewd  18  only pls  ğŸ”
740, ğŸ˜ 
741, 
742,  â€œ I used to be schizophrenic but we â€™ re okay now  â€
743,  I am a professional cynic  but my heart is not in it  Podcaster  Comedy Album Book Club   podcast producer  Love is Everywhere    comedy semi pro  Weird Town  
744, ğŸ³ ï¸ â€ ğŸŒˆ ğŸŠ â™¿ ï¸ ğŸ¦‹ âœ¨  genderpronouns  autistic  spoonie  crazy cat guy  and friend of all opossums  â€œ I â€™ d rather be a real nightmare than die unaware  â€
745,  She her  I do music  art  cosplay  games  weird shit     TMaTAcast dnd 5e Pan  cis  anti TERF  anti racist  anti fascist  pro human rights  feminist  sorceress
746, ğŸ’– ğŸ’œ ğŸ’™  25   He they   Bi Pan   Definitely not just five cats in a trench coat 
747, ğŸ’€  28  Little Horror Lady   Spooky Screenwriter and Hair Raising Author in Progress   Part Time Coffee Slinger
748, ğŸ¦»  Dog mom to Trooper   Tango   Engineer of software   Lover of learning   Partner of Zach   She her   HOH ğŸ¦» ğŸ»   Owner of all views   Spoonies Who Code
749, 
750,  CoFounder of  MoJoToronto  Fouder of  slayteescanada   Freelance Writer Movie Reviewer     Sharing interests  jokes  ideas   news about fandom ğŸ¿ âœ ï¸ ğŸ³ ï¸ â€ ğŸŒˆ ğŸ‘• ğŸ”ª
751,  BarryIslandDrag  Mother  Anxious  Grafter  Humble  Thankful  ShowOff 
752, 
753,  Everybody knows what everybody knows  that the algorithms always win in the end   the one I use now writes this stuff far better than I ever could
754, ğŸ‘»  Horror enthusiast  Bram Stoker Award Nominated Editor at Grey Matter Press  Do not mention ventriloquist dummies around me 
755, â€™ ğŸ‘  My future is filled with light  the dark cannot hold me genderpronouns
756,  De 21 aÃ±os  un joven que se pasa la vida leyendo  Estudio psicolog Ã­ a  ÏŸ Detective de la suerte y fiel creyente en las reliquias de la muerte âƒ
757, â¤ ğŸ’œ ğŸ’™  Mother of two completely adorable tuxedo cats and a noodle cat  Total Weeb  Feminist  she her
758, ğŸ³ ï¸ â€ ğŸŒˆ  Everyone â€™ s big sister  she they  Loves  stationery  ğŸ¦„   musicals RHPS  cats  Is  Analyst  feminist  ğŸ´ ó § ó ¢ ó ³ ó £ ó ´ ó ¿   ğŸ‡®ğŸ‡ª   queer  veggie hamiltrash   migraineur  
759, ğŸ‡ºğŸ‡¸ ğŸ³ ï¸ â€ ğŸŒˆ  ğŸŒˆ Queer AF Queers Say NYET Queer Anti Fa Jewish Anti Fa Vote For Blue Dildos Hostile Little Creature
760, ğŸ•· ğŸ”¶ ï¸ ğŸ‡ªğŸ‡º  Passionate about the arts  film  cricket  rugby  history  good food  great conversation   changing the world  30 y a Liberal   LibDem libertyequalitycommunity
761, 
762,  Embedded Microcomputer Programmer  Java Developer  UNIX Linux Sysadmin  Feral Cat Photographer  BS in CS  Full Time Worker  Future Beach Bum and Student 
763, 
764, ğŸ‡¨ğŸ‡¦  Living in Calgary  Manitoba born   Arsenal   NHLJets   Wpg BlueBombers   bdnwheatkings   F1   Angels fan  ğŸŒ traveller   tech geek  ï£¿fanboy 
765,   PrOnOuNs In BiO  Yeah  man  My nouns are pro as fuck 
766,  Snark and humor welcome  No  I won â€™ t join your cult  your Dear Leader doesn â€™ t impress me  Vicodin Tiger  ğŸ’™
767,  tweets do not represent the views of my employer  which by the way is not commentary magazine because i am not john podhoretz
768,  Artist  musician  and stop motion animator in the DC Metro area  Former SVA student  Plays FFXIV on Balmung and cries often  Comics    She her  genderpronouns
769,  GREETINGS FROM THE PLANET QUIRK    Nonbinary genderpronouns   gray asexual  Asperger is syndrome  bullied so much I have lost the ability to care about your opinions ğŸ˜˜
770,  rebecca fergusonâ€˜s lesbian lady lover
771,  â€œ Perfectly balanced    As all things should be  â€
772,  The world you live in is a doomed lie  the pipe dream is that it can last  Of what use is merit or skill in self destruction 
773,  writer  commissions welcome   I quote tweet a lot of transphobia to make fun of it  Fair warning   DMs are open   she her 
774,  Part of the LGBTQ  community and trans ally  Trans rights are human rights  Pronouns she her 
775,  PrÃ³ximo analista de RR HH   EscorpiÃ³n  entusiasta lector de noticias de pol Ã­ tica  ateo  amante de la mÃºsica de peliculas  remedo de rugbista  homosensual ğŸŒˆ   etc
776,  SC miles potts Insta  miles potts
777,  dele ele
778,  Founder   Co Chair  PrideinSurrey  Patron  Outlinesurrey    educatecelebrat ğŸ³ ï¸ â€ ğŸŒˆ   Elected Board Member Comms  UKPrideNetwork   Presenter  radiowoking  genderpronouns 
779, ğŸ˜ ğŸ˜‡  sky apollo   genderpronouns   23  ENTP   music and maths student ğŸ›¸ Much Ado About Ineffability   ineffable MCM   telford comicon âœŒ ï¸
780,  sic gorgiamus allos subjectatos nunc  Year 2000 Ready  Fella  yer the Clown Motel  right 
781,  I â€™ m a 23 year old bi Jewish âœ¡ ï¸ artist that cooks professionally  LGBT  ğŸ³ ï¸ â€ ğŸŒˆ Trans rights are human rights  Free Hong Kong 
782, 
783,  Quirky  book obsessed sci fi and fantasy nerd
784,  power to the people  stick it to the man 
785, 
786, â¤ ğŸ–¤ â™€ ï¸  28  pan poly  partnered  Anarcho communist  trans woman she her Transhumanist futurist  Pro armed rebellion 
787,   marlodrama got suspended for no dam reason so i live here now shrjkfkdkdk   genderpronouns   serving u black pisces dumbass lesbian realness 
788,  ğŸ®   Guitarist of  smellcoband ğŸ¸   Officially on IMDB ğŸ¥   2019 Ivy Inn Dart Champion MVP ğŸ¯ ğŸ†
789,  Hi  I am actually not Reese Witherspoon  I might be her cat  but I also might not be 
790,  Topple the patriarchy
791, 
792,  Studying for a Masters in the European Enlightenment at Oxford  Lover of Latin literature  Early Modern French  music  gin and  most of all  ballet 
793,  pronouns  He Him  His Native New Yorker   tells it like it is
794,  Stressed out  activist Mom with a PhD who likes running  reading  and wine  Trump must go 
795,  certified savage
796,  Subscribe to my onlyfans to watch videos of me crying x
797,  Trans woman  Pan  Poly  US Army vet  Dragon Queen of your world  Banner by   BeanyCoffee
798,  Translated Chinese Fiction Podcast host ğŸ…° ï¸ ğŸ€„    North of the Proverbial Wall    InDesign  Vellum  Feedburner   Audacity Boi    Former Resident of æ±Ÿå—
799,  Founder of  LBMLT Biologist working in the middle of the sea  Gamer and football fan  All view are my own
800, â€™  29 goblin strong collective  reacts to the name bendie  she they    actually richie tozier   wo not shut the fuck up about IT   DBD   all shitposting
801,  Radical Feminist  Spinster  Harpy  Hag  I bleed under the new moon  before you ask  yes  I identify as a biologist 
802,  New Account  my old one was getting too many followers  Trying to block everyone on this site 
803, ğŸ¦‘ ğŸ¦‘  1 Burger King Stan ğŸ˜¤ ğŸ˜¤ ğŸ˜¤ Pronouns  She Her  Save the bees  lick my feet ğŸ‘… ğŸ‘… ğŸ‘… Stone Ocean Anime Part 6
804,  ğŸ³ ï¸ â€ ğŸŒˆ Gay autistic twat  Proud mother of two feather babies  Don â€™ t follow me all I do is argue and retweet art   profile pic by  emmanomia23
805,  I cook soup and garden  Basically arrogant  I retweet without comment because I do not like messing with others words or thoughts 
806,  Hoping to be moderately badass someday 
807,  PSN XBL NNID  mHYPHENa the hyphen is silent ğŸ˜‰ genderpronouns His 100  fresh out of fucks to give
808,  Queer  Indigenous and angry ğŸŒˆ ğŸ”¥ Deplatform Predators
809, ğŸŒ±  Studerer kulturledelse pÃ¥ BI og fekter med sverd i skogen i helgene 
810,  But I â€™ m 27 
811, 
812, ğŸŒ¹ ğŸ¹ ğŸ”¬ âœŠ  Kinda sorta keeping it all together in coastal Maine  Mom  reader  scientist  sci fi fan  watches too much TV 
813,  â— Furry   Brony   Non Binary ğŸ’œ   20   âš¨   ğŸ‡¬ğŸ‡§   Writer   Dancer   Photographer   YouTuber   Positivity Enthusiast â— Also on  YOUTUBE  INSTAGRAM  and AMINO  ğŸ’š
814, 
815,  SHARING MY WORLD VIEW
816,  uk based musician   variety streamer âœ¨
817,  Dog lover  screenwriter  wifey  Midwesterner in LA  Top Ten in Tracking Board Launch Pad  Nicholl is Fellowship   Script Pipeline Semi Finalist 
818,  Career volunteer  Passionate about the environment  the new economy  and political involvement  Supporter of grassroots movements 
819, 
820,  Eochair fessa foglaim  Foreign Policy  US politics  History  Occasional writer  voracious reader  Retweets â‰  endorsements
821,  Kayla  27  Ehlers Danlos Syndrome and Postural Orthostatic Tachycardia Syndrome  POTS  warrior ğŸ¦“ ğŸ˜· Love â¡ ï¸ Animals  Nature  Music  Photography  Traveling â™¡
822, 
823, ğŸ³ ï¸ â€ ğŸŒˆ  Horror writer  burlesque dancer  film nerd  haunting the Irish Writers Centre on my days off 
824, 
825,  1   2   3   4  5
826,  Russian  Troll  Governments suck at everything  some more than others 
827,  Trans mother  wife  and activist on a queer commune  Queermune  in Vermont  Hi 
828,  Love to dance it â€™ s the only way to escape the lunacy of this crazy world even for a brief moment in time  Add a jd and coke a great dress and heels  BOOGEY time
829,  Socially anxious socialist  Bi ğŸ’– ğŸ’œ ğŸ’™ Weird  but not in an interesting way  genderpronouns
830,  I love snacks
831,  genderpronouns ğŸŒˆ ğŸ“š ğŸ¨ ğŸ» ğŸ® â›ˆ ï¸
832,  Yale PhD student in English   poet
833,  He   him  Had to get away from him  I am trans inclusive  Thanks to  jonrosenberg for the profile pic  Part of the  Algonquin Round Table     G  Linehan  2018 
834,  all i talk about is ballet and cats  19
835,  Dual Citizen ğŸ‡ºğŸ‡¸   ğŸ‡«ğŸ‡®   Conservative values  Interests  Economics  Politics  Justice for Seth Rich
836,  Lurking in the bushes
837, 
838, ğŸŒˆ  Geek Woman  Founder of Proud Mom to 2 amazing humans   1 cat  empowerment Lgbtqia   Feminism She Her
839,  BTS ğŸ’œ A realist ğŸŒ« Night owl ğŸŒ™ Interested in programming ğŸ’» and reading as much as possible
840,  genderpronouns Pronouns   Activist   Photographer   Videographer   Buddhist   all tweets are my own   in love with  babyhotlinez  
841, ğŸ•¯ âš° ï¸ âš° ï¸ ğŸ•¯   â€¢ 29 â€¢ Novice suit maker â€¢ Artist â€¢  Love and hate all things  â€¢  pedo zoophile basher  â€¢ 
842, Â®  Made of iced tea  wine  books  Capricorn sarcasm  existential dread   Relentlessly Gay    Pray for the wine and fight like hell for the cave   â€“ Clara Jeffery
843,  Resistance Stand against hate  Stand against treason  Stand against Republican fascism   corruption  Stand with minorities  women  ğŸ³ ï¸ â€ ğŸŒˆ   Dreamers
844,  from the cape  ask me about my hydroflask  ğŸ³ ï¸ â€ ğŸŒˆ
845,  Assistant Prof  StMarysMD   Social Psychology PhD  RutgersU    rollinscollege alum   Social categorization  Visual processes  Teaching  Oceans  Dogs  Bees 
846,  Seeker of the Prosaic and the Arcane   Usher at the Gates of Knowledge   Guru to Aspiring Savants  AKA librarian 
847,  My pronouns are she  her and her â€™ s
848,  History graduate  EdinburghUni  Freelance writer   RetrospectHCA  EdinburghLive  ğŸ‘€ for work  Dog person   genderpronouns  ğŸ³ ï¸ â€ ğŸŒˆ
849,  I have the authority of anything Asian 
850,  WORST SUMO WORST SUMO WORST SUMO WORST SUMO WORST SUMO      andy c    wprb dj
851,  i am bot programmed to slit throats and cum on tiddies in the new millenium y 2k lol jk i write jokes link below
852, ğŸ¦‡ ğŸ¦‡  Author  Urban Fantasy   scifi  biology   focused on dangerous vampires   In the writingcommunity   See my website below  I follow back   RT  No DMs please 
853,  30 something Kentuckian  Gender Sexuality  Viera from FFXIV  Pronouns  Yeah okay why not  Least favorite thing  Assholes who attack people for their identity 
854,  genderpronouns  That is all for today 
855,  Ruby  Mama to two brilliant girls  Wife to the best husband in the world  Scientist  Yep got a PhD   Passionate Teacher  Avid Student  Immigrant
856,  Raising our little ones to believe it is just as acceptable to buckle their helmets as it is to buckle a seatbelt 
857,  Dumbledore impersonator for hire
858,  Singer Songwriter Comedian
859,  Arr
860,  â€œ voluminous â€ ğŸ‡¬ğŸ‡§ ğŸ‡ªğŸ‡º dad with a ğŸ‡³ğŸ‡± bike and a ğŸ‡ºğŸ‡¸ accent who wants both his countries back from the fash  genderpronouns  but no problem with singular  quot they quot 
861, ğŸ‡ºğŸ‡¸ ğŸ‡ºğŸ‡¸  Les Paul  NY Giants  NY Rangers  NY Yankees  Trump   MAGA  Patriot
862,  Human Soul  Army Vet Asshole Prodigal son  I am who I am becoming but sometimes  I am full of BS 
863,  Kaksi korkeakoulututkintoa opiskellut nainen  TyÃ¶nhakija  Suojelen itseÃ¤ni nimettÃ¶myydellÃ¤ sillÃ¤ Suomeen mahtuu aina vain Yksi Totuus kerrallaan 
864,  Christian  Wife  Mom  Artist sums up who I am  listed in order of importance  Romans 8 38 39
865,  Kahrolsun hÃ¼rriyet  yaÅŸasÄ±n istibdat 
866, â€œ ğŸ‘‘ âœ â¤ ğŸ‡®ğŸ‡±                 
867, 
868,  A smooth and silky evening to you all  Pronouns  bjlergh snormfk ml33p
869,  Interested in politics  current events  theology  Progressive Conservative  sport shooter  Free Thinker  Father  Lay Minister 
870,  CatÃ³lica Mariana  Esposa  Madre y Abuela de 3 pequeÃ±ines  Deseosa de servir a Dios y a mis hermanos de cualquier raza  creencia y lengua  No acepto DM 
871,  Said That You Could Let It Go    I Wouldn â€™ t Catch You Hung Up On Somebody That You Used To Know
872,  ğŸ‡¬ğŸ‡§ ğŸ‡»ğŸ‡¦ Hull   Cambridge  20   Theology Undergrad   1 Corinthians 16 13
873,  Roman Catholic  Cuban American Artist  Technical Writer  Resume Writer  Copywriter  Translator  Photographer  Single Mom  Dog Lover
874,  I just want the Lord to use me in any way that He finds fitting  Korys wife  Kaizen   Cyrus â€™ mama 
875,  Deboosted for no reason ğŸ¤
876,  Animal welfarist  atheist   feminist  Gender is not an innate feeling but a tool of oppression used against both female   male 
877,  â™¡ City  cats  Starmer4leader  LiVARpool VAR Premier League champions 2020  Sex is a biological fact  Private intellectual  Assume nothing  Pronouns as per sex 
878,  ğŸ‘© ğŸ» ğŸ§” ğŸ» ğŸ‘¦ ğŸ¼ ğŸ¤° ğŸ»
879,  My name  alas  is Ben Dirs  Ghost writer Occasional sports journalist Other stuff  Here is my website which I made all by myself 
880, ğŸ‘”  éŸ³æ¥½ â¤ ï¸      
881, 
882,  Deus  fam Ã­ lia e trabalho  Crist Ã£ o  conservador de direita 
883, ğŸ‘¨ â€ ğŸ’»  Academic  Catholic theologian  Apple geek  Fan of cats and coffee  Husband to the fantabulous Emily   viola illyria   RT    endorsement 
884,  Poet  critic  and scholar of philosophical theology and literature
885,  SamhÃ¤llsintresserad ingenjÃ¶r 
886,  Psychology student
887,  âœ ï¸ Catholic Church Organist  Practicing Catholic  Trad Church and Classical music  Gregorian Chant  trying to get to heaven  HAVE ALL I NEED  in love with GOD âœ
888, 
889,  enneagram 9  redeye gutfeldshow fan  bujo
890,  Sensible most of the time  occasional idiot  LFC JFT96
891, ğŸ‡ºğŸ‡¸  Christian  Conservative  Journalist turned communications specialist  Engaged to my best friend  â¤ ï¸
892,  A witch they forgot to burn in the 15th century 
893,  ğŸ‘‘
894,  Where we are going we do not need roads â€¢ Bookworm ğŸ“š â€¢ Movie Buff ğŸ â€¢ Dog Lover ğŸ¶ â€¢ Pastelera ğŸ° â€¢ Feminista ğŸ’ª ğŸ¼â€¢ SPN Family â€¢ ğŸ–– ğŸ¼ LLAP â€¢ Licey Campeon ğŸ¯ ğŸ‡©ğŸ‡´
895,  A retweet or like does not necessarily indicate agreement  No new follows of anonymous accounts    The victory will be complete  universal  eternal    Dr Keble 
896, â¤ ï¸  Charm is deceptive  and beauty is fleeting  but a woman who fears the Lord is to be praised 
897,  Truthseeker  burdened with an endless curiosity  hoping to bring some change  Vegan 
898,  50 50 20 20
899, 
900, 
901, Ã©  Hincha  estudiante
902,  RT no significa aval 
903, ğŸ¶  I d think of something really clever here  but the baby just woke up  ğŸ¤· â€ â™€ ï¸
904, 
905,  Catholic  Roman Rite  Mother  GrandmotherTX Real Estate Broker  Army veteran  WAC  Love Christ is Church and politics 
906,  Love Music   the Arts Catholic Pro Life Mother Books News
907,  Hubby to 1  Daddy to 3   Grand Pa to 8  Carnivore  Lutheran Pastor  Author  Podcaster VDMA  Lutheran Public Radio
908,  The Gardener and Lutheran LCMS
909,  I â€™ m a trad Catholic who loathes the political left  I â€™ m also a Trump  OrbÃ¡n and Tommy Robinson supporter  and proud  unapologetic â€œ homophobe â€ and â€œ Islamophobe â€  
910,  Father  ex Sailor  failed Astronaut  aspiring Catholic  long suffering NUFC fan  A trouble maker from the North 
911,  is my spiritual journey  Pronouns  hic haec hoc  Adjectives  saved merciful rigid  Views expressed are mostly God is 
912,  A Catholic Podcast  Talk Show  Screed  If you like conversations about everything from the Oscars to apparitions  have we got a show for you 
913,  Catholic  Roman vs roaming   happily married  proud dad  7   St Joseph fan  swimming pool designer contractor  photo in diaper change gear   a must for dads  
914,  L I V E  Y O U R  B E S T  L I F E
915,  I am just a nerd  who is intentions are good  Oh Lord  please do not let me be misunderstood 
916,   When you have eliminated the impossible  whatever remains  however improbable  must be the truth     Sherlock Holmes    Fetal Refugee Advocate
917, 
918, 
919,   Joy inexpressible and filled with glory   1Peter 1 8 Dazzled by the glory and grace of God every day  Sharing the wealth 
920,  MAGA TRUMP2020 WWG1WGA KAG I LOVE MY PRESIDENT  Q TRUMP Violin Piano  Not into Fake News  Raised to think for myself  Hispanic for Trump 
921, 
922, ğŸ‡ºğŸ‡¸  URGENT  Are you Type  O  Blood Group  If so  please save a young man is life today  Please consider donating 1 kidney to save a precious life  850 557 3522 
923,  I try to follow people I do not agree with as well as those I do  and those who make me laugh  Gender Free
924, ğŸ‡ºğŸ‡¸  victimsadvocate formerliberal animaladvocate walkaway prolife ğŸ¦± ğŸ¦± ğŸ¦±
925, 
926,  Post Trad Ultra Ultramontanist  Gentleman  and Scholar 
927, ğŸ‡ºğŸ‡¸ â­ ï¸ â­ ï¸ â­ ï¸ ğŸ‡ºğŸ‡¸ 
928,  Wife of a very handsome man  mother of 2 beauties and 1 handsome son  meme to 3 loves   WORSHIPPER  Lover of Prayer   
929, ğŸ‡ºğŸ‡¸ ğŸ‡ºğŸ‡¸ ğŸ‡ºğŸ‡¸  Conservative  Trump Voter   MAGA  I FB all Patriots  Trump 2020   KAG   Texan
930,  A woman of a certain age  H wood industry experience  Love world travel  Strong for 2A  Proud daughter of a WW 2 Frogman  Armed proud Infidel bitch 
931, â­ ï¸ â­ ï¸ â­ ï¸  Ann Arbor Technology Realtor  MAGA   KAG   WWG1WGA   Proud Deplorable  mom of 5  daughter of the King 
932, ğŸ˜· ğŸ˜·  Don â€™ t ask for whom that Tweet is meant  for this subtweet is for thee 
933,  Medical school professor who also wears a bunch of other hats  helmets  etc 
934,  MAGA For God and Country Constitutional Conservative Lover of Jesus  Devoted Learner   Please no DM  Love all patriots 
935,  Looking for meaning  Can be emailed at  at  uvm  dot  edu
936, 
937,  Shoot straight  be willing to laugh at yourself  listen  but stand on your principles 
938,  Patriotic American who believes in  Constitutional Republic  VERY limited government  STRICT border control enforcement of immigration laws   sanctity of life
939,  An Optimist with Decades of Experience â€¢ Occasionally Builds Stuff in the Ocean â€¢ Enjoys Life
940, Ã­  Proud Libertarian  Build The Wall   MAGA   KAG   kag   Walk Away   NRA
941,  We all need to ask why the career politicians have not ever fulfilled the same promises they have made for 30  years  Vote Them Out Trump 2020
942,  LSU grad  Retired DLT 35 resident dental laboratory technician  USAF veteran 1959 1967 Air Rescue 
943,  AirForceMom Marine Mom The only valid censorship of ideas is the right of people not to listen   NewRightNetwork Contributor
944,  aka maxfreak  Avid lover of Theme Parks and Video Games  Switch Corps
945, 
946, Ã©  Ghislaine Maxwell did not kill herself 
